"","ID","COUNTRY_NAME","LATITUDE","LONGITUDE","INSECTICIDE_CLASS","INSECTICIDE_CONC","INSECTICIDE_INTENSITY","INSECTICIDE_TYPE","YEAR_START","VECTOR_SPECIES","STAGE_ORIGIN","MOSQUITO_NUMBER","MORTALITY_ADJUSTED","RESISTANCE_INTENSITY"
"1","IR000050641","Democratic Republic of the Congo",-6.025361,22.319498,"Pyrethroids",2.15,"Low","Permethrin",2017,"An. gambiae s.l.","F0_ADULTS_(FROM_WILD_LARVAE)",100,9,"N/A"
"2","IR000051406","Mali",12.65001,-7.99986,"Pyrethroids",0.75,"Low","Permethrin",2018,"An. gambiae s.l.","F0_ADULTS_(FROM_WILD_LARVAE)",100,6,"N/A"
"3","IR000045110","Ethiopia",9.119362,37.058552,"Pyrethroids",2.15,"Low","Permethrin",2014,"An. arabiensis","F0_ADULTS_(FROM_WILD_LARVAE)",15,87,"N/A"
"4","IRInt77","Côte d’Ivoire",9.503715,-7.579168,"Pyrethroids",0.75,"High","Permethrin",2019,"An. gambiae s.l.","F0_ADULTS_(FROM_WILD_LARVAE)",95,100,"Low intensity"
"5","IRDis804","Burkina Faso",10.97475,-4.927154,"Pyrethroids",0.75,"Low","Permethrin",2019,"An. gambiae s.l.","F0_ADULTS_(FROM_WILD_LARVAE)",81,2.9,"N/A"
"6","IR000050731","Democratic Republic of the Congo",-10.934159,26.953514,"Pyrethroids",0.05,"Low","Deltamethrin",2018,"An. gambiae s.l.","F0_ADULTS_(FROM_WILD_LARVAE)",100,22,"N/A"
"7","IRSNI2022005","Senegal",15.14371,-12.94504,"Pyrethroids",0.25,"Medium","Deltamethrin",2021,"An. gambiae s.l.","F0_ADULTS_(FROM_WILD_LARVAE)",105,83,"Moderate to high intensity"
"8","IR000020328","Uganda",0.678227,34.186567,"Pyrethroids",10.75,"Medium","Permethrin",2015,"An. gambiae s.l.","NR",25,19.2,"Moderate to high intensity"
"9","IR000051438","Mali",12.955,-5.7563,"Pyrethroids",0.05,"High","Deltamethrin",2018,"An. gambiae s.l.","F0_ADULTS_(FROM_WILD_LARVAE)",100,88,"High intensity"
"10","IRInt442","Burkina Faso",12.183625,-4.073765,"Pyrethroids",0.25,"Medium","Deltamethrin",2019,"An. gambiae s.l.","F0_ADULTS_(FROM_WILD_LARVAE)",93,46.8,"Moderate to high intensity"
"11","IRInt452","Burkina Faso",13.433971,-1.960708,"Pyrethroids",0.25,"Medium","Deltamethrin",2019,"An. gambiae s.l.","F0_ADULTS_(FROM_WILD_LARVAE)",95,68.2,"Moderate to high intensity"
"12","IR000050986","India",18.8135,82.7123,"Pyrethroids",0.25,"Medium","Deltamethrin",2019,"An. culicifacies s.l.","F1_ADULTS_(PROGENY_OF_WILD_ADULTS)",100,96,"Moderate to high intensity"
"13","IR000058411","Burkina Faso",13.433971,-1.960708,"Pyrethroids",0.05,"High","Deltamethrin",2020,"An. gambiae s.l.","F0_ADULTS_(FROM_WILD_LARVAE)",101,76.8,"High intensity"
"14","IRInt262","Ethiopia",8.174722,40.034444,"Pyrethroids",0.75,"High","Permethrin",2019,"An. stephensi","F0_ADULTS_(FROM_WILD_LARVAE)",50,99.9,"Low intensity"
"15","IRInt82","Côte d’Ivoire",6.78168,-5.27089,"Pyrethroids",3.75,"Medium","Permethrin",2019,"An. gambiae s.l.","F0_ADULTS_(FROM_WILD_LARVAE)",81,35.5,"Moderate to high intensity"
"16","IR000038362","Guinea",10.0417,-10.7456,"Pyrethroids",6.25,"Medium","Deltamethrin",2018,"An. gambiae s.l.","F0_ADULTS_(WILD_COLLECTED)",13,100,"Low intensity"
"17","IR000020389","India",22.7783,73.2617,"Pyrethroids",0.25,"Medium","Alpha-cypermethrin",2015,"An. culicifacies s.l.","F0_ADULTS_(WILD_COLLECTED)",20,80,"Moderate to high intensity"
"18","IR000050552","Democratic Republic of the Congo",-4.202222,15.551667,"Pyrethroids",10.75,"Medium","Permethrin",2017,"An. gambiae s.l.","F0_ADULTS_(FROM_WILD_LARVAE)",100,62,"Moderate to high intensity"
"19","IRInt502","Burkina Faso",11.750001,-2.933334,"Pyrethroids",3.75,"Medium","Permethrin",2019,"An. gambiae s.l.","F0_ADULTS_(FROM_WILD_LARVAE)",93,72.5,"Moderate to high intensity"
"20","IRInt222","Botswana",-18.2847,21.786,"Pyrethroids",0.05,"High","Deltamethrin",2016,"An. arabiensis","F0_ADULTS_(FROM_WILD_LARVAE)",80,81.3,"High intensity"
"21","IRInt245","Ethiopia",5.952,43.557,"Pyrethroids",0.05,"High","Alpha-cypermethrin",2020,"An. stephensi","F0_ADULTS_(FROM_WILD_LARVAE)",103,18.1,"High intensity"
"22","IR000050617","Democratic Republic of the Congo",-4.5888,15.1668,"Pyrethroids",1.25,"Low","Deltamethrin",2017,"An. gambiae s.l.","F0_ADULTS_(FROM_WILD_LARVAE)",100,48,"N/A"
"23","IR000050588","Democratic Republic of the Congo",-4.5888,15.1668,"Pyrethroids",6.25,"Medium","Deltamethrin",2017,"An. gambiae s.l.","F0_ADULTS_(FROM_WILD_LARVAE)",100,79,"Moderate to high intensity"
"24","IRInt182","Kenya",-0.0749,34.6663,"Pyrethroids",0.05,"High","Deltamethrin",2019,"An. gambiae s.l.","F1_ADULTS_(PROGENY_OF_WILD_ADULTS)",93,100,"Low intensity"
"25","IRDis92","Côte d’Ivoire",5.473,-3.21108,"Pyrethroids",0.05,"Low","Alpha-cypermethrin",2019,"An. gambiae s.l.","F0_ADULTS_(FROM_WILD_LARVAE)",81,0,"N/A"
"26","IR000051456","Mali",10.557084,-5.75997,"Pyrethroids",0.05,"Low","Alpha-cypermethrin",2018,"An. gambiae s.l.","F0_ADULTS_(FROM_WILD_LARVAE)",100,23,"N/A"
"27","IR000042028","Ghana",5.596228,-0.183731,"Carbamates",6.25,"Medium","Bendiocarb",2017,"An. gambiae s.l.","F0_ADULTS_(FROM_WILD_LARVAE)",87,2.3,"Moderate to high intensity"
"28","IR000051448","Mali",13.906161,-4.554654,"Pyrethroids",0.05,"Low","Alpha-cypermethrin",2018,"An. gambiae s.l.","F0_ADULTS_(FROM_WILD_LARVAE)",100,11,"N/A"
"29","IR000051520","Mali",11.6191,-8.2338,"Pyrethroids",0.75,"Low","Permethrin",2018,"An. gambiae s.l.","F0_ADULTS_(FROM_WILD_LARVAE)",100,52,"N/A"
"30","IR000022141","India",21.906,73.6778,"Pyrethroids",0.25,"Medium","Alpha-cypermethrin",2016,"An. culicifacies s.l.","F0_ADULTS_(WILD_COLLECTED)",30,90,"Moderate to high intensity"
"31","IR000051523","Mali",11.6191,-8.2338,"Pyrethroids",0.05,"Low","Deltamethrin",2018,"An. gambiae s.l.","F0_ADULTS_(FROM_WILD_LARVAE)",100,66,"N/A"
"32","IRInt391","Cameroon",3.82,11.53,"Pyrethroids",0.75,"High","Permethrin",2018,"An. gambiae s.l.","F0_ADULTS_(FROM_WILD_LARVAE)",101,94,"High intensity"
"33","IR000050684","Democratic Republic of the Congo",-1.928852,18.266101,"Pyrethroids",3.75,"Medium","Permethrin",2018,"An. gambiae s.l.","F0_ADULTS_(FROM_WILD_LARVAE)",100,100,"Low intensity"
"34","IR000050548","Democratic Republic of the Congo",-4.3368,15.5127,"Pyrethroids",2.15,"Low","Permethrin",2017,"An. gambiae s.l.","F0_ADULTS_(FROM_WILD_LARVAE)",100,0,"N/A"
"35","IRDis86","Côte d’Ivoire",8.452464,-3.476014,"Pyrethroids",0.75,"Low","Permethrin",2019,"An. gambiae s.l.","F0_ADULTS_(FROM_WILD_LARVAE)",95,5.1,"N/A"
"36","IR000051512","Mali",14.223544,-5.976456,"Pyrethroids",3.75,"Medium","Permethrin",2018,"An. gambiae s.l.","F0_ADULTS_(FROM_WILD_LARVAE)",100,85,"Moderate to high intensity"
"37","IRInt491","Burkina Faso",10.97475,-4.927154,"Pyrethroids",0.75,"High","Permethrin",2019,"An. gambiae s.l.","F0_ADULTS_(FROM_WILD_LARVAE)",84,98.9,"Low intensity"
"38","IR000045103","Ethiopia",7.0842,38.6189,"Pyrethroids",1.25,"High","Deltamethrin",2014,"An. arabiensis","F0_ADULTS_(FROM_WILD_LARVAE)",20,55,"High intensity"
"39","IRInt17","Senegal",12.55438,-12.17323,"Pyrethroids",0.25,"Medium","Deltamethrin",2018,"An. gambiae s.l.","F0_ADULTS_(FROM_WILD_LARVAE)",100,98,"Low intensity"
"40","IR000050568","Democratic Republic of the Congo",-4.202222,15.551667,"Pyrethroids",1.25,"High","Deltamethrin",2017,"An. gambiae s.l.","F0_ADULTS_(FROM_WILD_LARVAE)",100,100,"Low intensity"
"41","IR000050577","Democratic Republic of the Congo",-4.404957,15.371885,"Pyrethroids",2.15,"High","Permethrin",2017,"An. gambiae s.l.","F0_ADULTS_(FROM_WILD_LARVAE)",100,39,"High intensity"
"42","IR000001289","China",31.63,113.8238,"Pyrethroids",0.05,"Low","Deltamethrin",2010,"An. sinensis s.l.","F0_ADULTS_(WILD_COLLECTED)",97,15.5,"N/A"
"43","IRDis812","Burkina Faso",13.302324,-1.523282,"Pyrethroids",0.75,"Low","Permethrin",2019,"An. gambiae s.l.","F0_ADULTS_(FROM_WILD_LARVAE)",81,10.1,"N/A"
"44","IR000042031","Ghana",5.596228,-0.183731,"Organochlorines",5,"Medium","DDT",2017,"An. gambiae s.l.","F0_ADULTS_(FROM_WILD_LARVAE)",79,1.3,"Moderate to high intensity"
"45","IR000042018","Ghana",5.596228,-0.183731,"Pyrethroids",0.05,"High","Deltamethrin",2017,"An. gambiae s.l.","F0_ADULTS_(FROM_WILD_LARVAE)",85,35.3,"High intensity"
"46","IR000058294","Mozambique",-15.1215,39.2677,"Pyrethroids",0.05,"High","Alpha-cypermethrin",2020,"An. gambiae s.l.","F0_ADULTS_(FROM_WILD_LARVAE)",100,24,"High intensity"
"47","IR000058333","Burkina Faso",11.011351,-4.056328,"Pyrethroids",0.05,"High","Alpha-cypermethrin",2020,"An. gambiae s.l.","F0_ADULTS_(FROM_WILD_LARVAE)",103,68.4,"High intensity"
"48","IR000051416","Mali",14.348948,-3.609117,"Pyrethroids",3.75,"Medium","Permethrin",2018,"An. gambiae s.l.","F0_ADULTS_(FROM_WILD_LARVAE)",100,82,"Moderate to high intensity"
"49","IR000050074","Guinea-Bissau",11.592047,-14.994381,"Pyrethroids",0.75,"High","Permethrin",2018,"An. gambiae s.l.","F0_ADULTS_(FROM_WILD_LARVAE)",112,91.1,"High intensity"
"50","IR000050590","Democratic Republic of the Congo",-4.404957,15.371885,"Pyrethroids",1.25,"Low","Deltamethrin",2017,"An. gambiae s.l.","F0_ADULTS_(FROM_WILD_LARVAE)",100,43,"N/A"
"51","IRDis561","Nigeria",9.882884,4.510886,"Pyrethroids",0.75,"Low","Permethrin",2018,"An. gambiae s.l.","F0_ADULTS_(FROM_WILD_LARVAE)",100,65,"N/A"
"52","IR000051276","Mali",12.744044,-8.066511,"Pyrethroids",2.15,"Low","Permethrin",2017,"An. gambiae s.l.","F0_ADULTS_(FROM_WILD_LARVAE)",100,6,"N/A"
"53","IR000051514","Mali",14.223544,-5.976456,"Pyrethroids",0.05,"Low","Deltamethrin",2018,"An. gambiae s.l.","F0_ADULTS_(FROM_WILD_LARVAE)",100,32,"N/A"
"54","IR000050761","Democratic Republic of the Congo",-10.934159,26.953514,"Pyrethroids",0.05,"Low","Alpha-cypermethrin",2018,"An. gambiae s.l.","F0_ADULTS_(FROM_WILD_LARVAE)",100,83,"N/A"
"55","IR000051510","Mali",14.223544,-5.976456,"Pyrethroids",0.05,"High","Alpha-cypermethrin",2018,"An. gambiae s.l.","F0_ADULTS_(FROM_WILD_LARVAE)",100,82,"High intensity"
"56","IRInt506","Burkina Faso",13.302324,-1.523282,"Pyrethroids",3.75,"Medium","Permethrin",2019,"An. gambiae s.l.","F0_ADULTS_(FROM_WILD_LARVAE)",95,21,"Moderate to high intensity"
"57","IRInt476","Burkina Faso",12.358651,-1.606883,"Pyrethroids",0.25,"Medium","Alpha-cypermethrin",2019,"An. gambiae s.l.","F0_ADULTS_(FROM_WILD_LARVAE)",81,66.3,"Moderate to high intensity"
"58","IR000045171","Ethiopia",7.316667,38.08333,"Pyrethroids",6.25,"Medium","Deltamethrin",2015,"An. arabiensis","F0_ADULTS_(FROM_WILD_LARVAE)",28,89,"Moderate to high intensity"
"59","IR000051487","Mali",13.04114,-9.484723,"Pyrethroids",0.75,"High","Permethrin",2018,"An. gambiae s.l.","F0_ADULTS_(FROM_WILD_LARVAE)",100,56,"High intensity"
"60","IRInt81","Côte d’Ivoire",4.758807,-6.691275,"Pyrethroids",0.75,"High","Permethrin",2019,"An. gambiae s.l.","F0_ADULTS_(FROM_WILD_LARVAE)",95,77.8,"High intensity"
"61","IR000051198","Mali",14.078493,-3.518264,"Pyrethroids",1.25,"Low","Deltamethrin",2017,"An. gambiae s.l.","F0_ADULTS_(FROM_WILD_LARVAE)",100,22,"N/A"
"62","IR000026865","Gabon",-1.716667,10.8,"Pyrethroids",0.05,"High","Alpha-cypermethrin",2017,"An. gambiae s.l.","F0_ADULTS_(FROM_WILD_LARVAE)",50,78,"High intensity"
"63","IR000001449","China",28.4302,116.3106,"Pyrethroids",0.25,"Medium","Deltamethrin",2010,"An. sinensis s.l.","NR",107,12.4,"Moderate to high intensity"
"64","IRInt212","Benin",6.4969,2.6289,"Pyrethroids",0.75,"High","Permethrin",2017,"An. gambiae s.l.","F0_ADULTS_(FROM_WILD_LARVAE)",90,95.6,"High intensity"
"65","IRInt108","Côte d’Ivoire",4.758807,-6.691275,"Pyrethroids",0.25,"Medium","Alpha-cypermethrin",2019,"An. gambiae s.l.","F0_ADULTS_(FROM_WILD_LARVAE)",81,8.2,"Moderate to high intensity"
"66","IRDis99","Côte d’Ivoire",8.36333,-4.428611,"Pyrethroids",0.05,"Low","Alpha-cypermethrin",2019,"An. gambiae s.l.","F0_ADULTS_(FROM_WILD_LARVAE)",93,4.2,"N/A"
"67","IRInt403","Cameroon",3.947778,11.505,"Pyrethroids",0.05,"High","Deltamethrin",2019,"An. gambiae s.l.","F0_ADULTS_(FROM_WILD_LARVAE)",88,97,"High intensity"
"68","IRInt183","Kenya",-0.0749,34.6663,"Pyrethroids",0.05,"Low","Deltamethrin",2019,"An. gambiae s.l.","F1_ADULTS_(PROGENY_OF_WILD_ADULTS)",81,51,"N/A"
"69","IR000058332","Burkina Faso",10.3333,-3.18333,"Pyrethroids",0.05,"High","Alpha-cypermethrin",2020,"An. gambiae s.l.","F0_ADULTS_(FROM_WILD_LARVAE)",105,46.3,"High intensity"
"70","IR000045108","Ethiopia",8.539969,39.27198,"Pyrethroids",10.75,"Medium","Permethrin",2014,"An. arabiensis","F0_ADULTS_(FROM_WILD_LARVAE)",15,100,"Low intensity"
"71","IRDis79","Côte d’Ivoire",7.672502,-5.593886,"Pyrethroids",0.75,"Low","Permethrin",2019,"An. gambiae s.l.","F0_ADULTS_(FROM_WILD_LARVAE)",95,0,"N/A"
"72","IR000050664","Democratic Republic of the Congo",-1.928852,18.266101,"Pyrethroids",1.25,"High","Deltamethrin",2017,"An. gambiae s.l.","F0_ADULTS_(FROM_WILD_LARVAE)",100,100,"Low intensity"
"73","IR000045190","Ethiopia",7.9277,38.7211,"Pyrethroids",10.75,"Medium","Permethrin",2015,"An. arabiensis","F0_ADULTS_(FROM_WILD_LARVAE)",10,100,"Low intensity"
"74","IRInt356","Cameroon",3.87131,11.45426,"Pyrethroids",3.75,"Medium","Permethrin",2018,"An. gambiae s.l.","F0_ADULTS_(FROM_WILD_LARVAE)",85,83.4,"Moderate to high intensity"
"75","IR000021254","Bangladesh",21.427653,91.978016,"Pyrethroids",0.05,"High","Alpha-cypermethrin",2017,"An. vagus","F1_ADULTS_(PROGENY_OF_WILD_ADULTS)",100,73,"High intensity"
"76","IRMZS21006","Mozambique",-13.1253,39.0017,"Pyrethroids",0.25,"Medium","Deltamethrin",2021,"An. gambiae s.l.","F0_ADULTS_(FROM_WILD_LARVAE)",100,74,"Moderate to high intensity"
"77","IR000047564","South Africa",-28.343065,30.871582,"Pyrethroids",0.75,"High","Permethrin",2016,"An. arabiensis","F1_ADULTS_(PROGENY_OF_WILD_ADULTS)",49,100,"Low intensity"
"78","IR000050649","Democratic Republic of the Congo",-10.934159,26.953514,"Pyrethroids",2.15,"High","Permethrin",2017,"An. gambiae s.l.","F0_ADULTS_(FROM_WILD_LARVAE)",100,68,"High intensity"
"79","IR000050730","Democratic Republic of the Congo",0.632119,28.46606,"Pyrethroids",0.05,"High","Deltamethrin",2018,"An. gambiae s.l.","F0_ADULTS_(FROM_WILD_LARVAE)",100,80,"High intensity"
"80","IR000048290","Cabo Verde",14.93152,-23.51254,"Carbamates",0.1,"High","Bendiocarb",2017,"An. gambiae s.l.","F0_ADULTS_(FROM_WILD_LARVAE)",693,100,"Could not be reliably assessed"
"81","IR000045154","Ethiopia",7.773141,37.231293,"Pyrethroids",10.75,"Medium","Permethrin",2015,"An. arabiensis","F0_ADULTS_(FROM_WILD_LARVAE)",19,42,"Moderate to high intensity"
"82","IRMZS21019","Mozambique",-13.4664,39.703,"Pyrethroids",0.05,"High","Deltamethrin",2021,"An. gambiae s.l.","F0_ADULTS_(FROM_WILD_LARVAE)",100,86,"High intensity"
"83","IRInt50","Côte d’Ivoire",4.758807,-6.691275,"Pyrethroids",0.25,"Medium","Deltamethrin",2019,"An. gambiae s.l.","F0_ADULTS_(FROM_WILD_LARVAE)",93,14.3,"Moderate to high intensity"
"84","IRInt97","Côte d’Ivoire",6.8777,-6.4513,"Pyrethroids",0.05,"High","Alpha-cypermethrin",2019,"An. gambiae s.l.","F0_ADULTS_(FROM_WILD_LARVAE)",95,23.4,"High intensity"
"85","IRInt580","Benin",11.85722,3.37924,"Pyrethroids",0.75,"High","Permethrin",2018,"An. gambiae s.l.","F0_ADULTS_(FROM_WILD_LARVAE)",190,97.9,"High intensity"
"86","IR000051317","Mali",14.223544,-5.976456,"Pyrethroids",2.15,"Low","Permethrin",2017,"An. gambiae s.l.","F0_ADULTS_(FROM_WILD_LARVAE)",100,5,"N/A"
"87","IRDis91","Côte d’Ivoire",6.729096,-3.49632,"Pyrethroids",0.05,"Low","Alpha-cypermethrin",2019,"An. gambiae s.l.","F0_ADULTS_(FROM_WILD_LARVAE)",93,0,"N/A"
"88","IR000058382","Burkina Faso",12.358651,-1.606883,"Pyrethroids",3.75,"Medium","Permethrin",2020,"An. gambiae s.l.","F0_ADULTS_(FROM_WILD_LARVAE)",104,10.5,"Moderate to high intensity"
"89","IR000045080","Ethiopia",9.119362,37.058552,"Organochlorines",1,"Low","DDT",2014,"An. arabiensis","F0_ADULTS_(FROM_WILD_LARVAE)",19,58,"N/A"
"90","IR000051219","Mali",12.955,-5.7563,"Pyrethroids",1.25,"Low","Deltamethrin",2016,"An. gambiae s.l.","F0_ADULTS_(FROM_WILD_LARVAE)",100,64,"N/A"
"91","IR000050535","Democratic Republic of the Congo",-4.3368,15.5127,"Pyrethroids",1.25,"High","Deltamethrin",2016,"An. gambiae s.l.","F0_ADULTS_(FROM_WILD_LARVAE)",100,78,"High intensity"
"92","IR000051212","Mali",13.0683,-6.8279,"Pyrethroids",1.25,"High","Deltamethrin",2017,"An. gambiae s.l.","F0_ADULTS_(FROM_WILD_LARVAE)",100,82,"High intensity"
"93","IR000042023","Ghana",5.596228,-0.183731,"Carbamates",0.05,"Medium","Bendiocarb",2017,"An. gambiae s.l.","F0_ADULTS_(FROM_WILD_LARVAE)",89,0,"Moderate to high intensity"
"94","IR000051445","Mali",11.41668,-7.48332,"Pyrethroids",0.05,"Low","Deltamethrin",2018,"An. gambiae s.l.","F0_ADULTS_(FROM_WILD_LARVAE)",100,78,"N/A"
"95","IRInt25","Côte d’Ivoire",6.729096,-3.49632,"Pyrethroids",0.05,"High","Deltamethrin",2019,"An. gambiae s.l.","F0_ADULTS_(FROM_WILD_LARVAE)",84,46.2,"High intensity"
"96","IR000051201","Mali",13.0683,-6.8279,"Pyrethroids",2.15,"Low","Permethrin",2016,"An. gambiae s.l.","F0_ADULTS_(FROM_WILD_LARVAE)",100,3,"N/A"
"97","IRDis76","Côte d’Ivoire",6.729096,-3.49632,"Pyrethroids",0.75,"Low","Permethrin",2019,"An. gambiae s.l.","F0_ADULTS_(FROM_WILD_LARVAE)",95,1,"N/A"
"98","IR000051266","Mali",10.557084,-5.75997,"Pyrethroids",2.15,"High","Permethrin",2017,"An. gambiae s.l.","F0_ADULTS_(FROM_WILD_LARVAE)",100,85,"High intensity"
"99","IR000051326","Mali",11.6191,-8.2338,"Pyrethroids",2.15,"Low","Permethrin",2017,"An. gambiae s.l.","F0_ADULTS_(FROM_WILD_LARVAE)",100,5,"N/A"
"100","IR000050659","Democratic Republic of the Congo",-6.025361,22.319498,"Pyrethroids",1.25,"Low","Deltamethrin",2017,"An. gambiae s.l.","F0_ADULTS_(FROM_WILD_LARVAE)",100,75,"N/A"
"101","IR000021853","India",23.0514,74.3001,"Pyrethroids",0.25,"Medium","Alpha-cypermethrin",2016,"An. culicifacies s.l.","F0_ADULTS_(WILD_COLLECTED)",40,97.5,"Moderate to high intensity"
"102","IR000027900","Nigeria",6.525021,2.840258,"Pyrethroids",3.75,"Medium","Permethrin",2016,"An. gambiae s.l.","F0_ADULTS_(WILD_COLLECTED)",100,66,"Moderate to high intensity"
"103","IR000050724","Democratic Republic of the Congo",-6.025361,22.319498,"Pyrethroids",0.05,"High","Deltamethrin",2018,"An. gambiae s.l.","F0_ADULTS_(FROM_WILD_LARVAE)",100,100,"Low intensity"
"104","IR000050559","Democratic Republic of the Congo",-4.5888,15.1668,"Pyrethroids",1.25,"High","Deltamethrin",2017,"An. gambiae s.l.","F0_ADULTS_(FROM_WILD_LARVAE)",100,100,"Low intensity"
"105","IR000051240","Mali",13.906161,-4.554654,"Pyrethroids",2.15,"Low","Permethrin",2017,"An. gambiae s.l.","F0_ADULTS_(FROM_WILD_LARVAE)",100,5,"N/A"
"106","IR000045087","Ethiopia",7.0842,38.6189,"Organochlorines",5,"Medium","DDT",2014,"An. arabiensis","F0_ADULTS_(FROM_WILD_LARVAE)",20,0,"Moderate to high intensity"
"107","IRMZ20210150","Mozambique",-14.43333,34.06667,"Pyrethroids",0.75,"Low","Permethrin",2021,"An. gambiae s.l.","F0_ADULTS_(FROM_WILD_LARVAE)",100,89,"N/A"
"108","IRInt511","Burkina Faso",13.0859,-1.0824,"Pyrethroids",0.75,"High","Permethrin",2019,"An. gambiae s.l.","F0_ADULTS_(FROM_WILD_LARVAE)",93,94.2,"High intensity"
"109","IR000058389","Burkina Faso",10.141369,-3.459326,"Pyrethroids",0.05,"High","Alpha-cypermethrin",2020,"An. gambiae s.l.","F0_ADULTS_(FROM_WILD_LARVAE)",106,37.6,"High intensity"
"110","IR000050080","Guinea-Bissau",11.848539,-15.58807,"Pyrethroids",3.75,"Medium","Permethrin",2018,"An. gambiae s.l.","F0_ADULTS_(FROM_WILD_LARVAE)",105,56,"Moderate to high intensity"
"111","IR000050541","Democratic Republic of the Congo",-4.4419,15.2663,"Pyrethroids",1.25,"High","Deltamethrin",2016,"An. gambiae s.l.","F0_ADULTS_(FROM_WILD_LARVAE)",100,100,"Low intensity"
"112","IR000045088","Ethiopia",7.0842,38.6189,"Organochlorines",10,"High","DDT",2014,"An. arabiensis","F0_ADULTS_(FROM_WILD_LARVAE)",20,5,"High intensity"
"113","IRInt479","Burkina Faso",13.302324,-1.523282,"Pyrethroids",0.05,"High","Alpha-cypermethrin",2019,"An. gambiae s.l.","F0_ADULTS_(FROM_WILD_LARVAE)",93,64.9,"High intensity"
"114","IR000058331","Burkina Faso",10.991512,-5.007876,"Pyrethroids",0.05,"High","Alpha-cypermethrin",2020,"An. gambiae s.l.","F0_ADULTS_(FROM_WILD_LARVAE)",204,30.9,"High intensity"
"115","IRDis1277","Cameroon",3.866667,11.516667,"Pyrethroids",0.75,"Low","Permethrin",2019,"An. gambiae s.l.","F0_ADULTS_(FROM_WILD_LARVAE)",100,2.1,"N/A"
"116","IR000058348","Burkina Faso",11.016667,-4.033333,"Pyrethroids",0.25,"Medium","Alpha-cypermethrin",2020,"An. gambiae s.l.","F0_ADULTS_(FROM_WILD_LARVAE)",93,44.7,"Moderate to high intensity"
"117","IRInt486","Burkina Faso",10.3333,-3.18333,"Pyrethroids",3.75,"Medium","Permethrin",2019,"An. gambiae s.l.","F0_ADULTS_(FROM_WILD_LARVAE)",81,85.5,"Moderate to high intensity"
"118","IR000050657","Democratic Republic of the Congo",-2.2231,28.8315,"Pyrethroids",6.25,"Medium","Deltamethrin",2017,"An. gambiae s.l.","F0_ADULTS_(FROM_WILD_LARVAE)",100,80,"Moderate to high intensity"
"119","IRInt455","Burkina Faso",13.0859,-1.0824,"Pyrethroids",0.05,"High","Deltamethrin",2019,"An. gambiae s.l.","F0_ADULTS_(FROM_WILD_LARVAE)",93,45.3,"High intensity"
"120","IRInt461","Burkina Faso",10.964122,-3.257144,"Pyrethroids",0.05,"High","Alpha-cypermethrin",2019,"An. gambiae s.l.","F0_ADULTS_(FROM_WILD_LARVAE)",84,93.5,"High intensity"
"121","IRSN2022026","Senegal",13.99345,-14.66139,"Pyrethroids",0.75,"Low","Permethrin",2021,"An. gambiae s.l.","NR",102,67,"N/A"
"122","IR000057518","Nigeria",6.337602,8.099266,"Pyrethroids",1.25,"Low","Deltamethrin",2020,"An. gambiae s.l.","NR",100,91,"N/A"
"123","IR000058306","Mozambique",-17.1816,37.4681,"Pyrethroids",0.25,"Medium","Deltamethrin",2020,"An. gambiae s.l.","F0_ADULTS_(FROM_WILD_LARVAE)",100,93,"Moderate to high intensity"
"124","IR000050542","Democratic Republic of the Congo",-4.5888,15.1668,"Pyrethroids",2.15,"Low","Permethrin",2017,"An. gambiae s.l.","F0_ADULTS_(FROM_WILD_LARVAE)",100,1,"N/A"
"125","IRDis70","Côte d’Ivoire",6.151442,-5.95154,"Pyrethroids",0.05,"Low","Deltamethrin",2019,"An. gambiae s.l.","F0_ADULTS_(FROM_WILD_LARVAE)",93,4.9,"N/A"
"126","IRInt565","Cameroon",3.866667,11.516667,"Pyrethroids",3.75,"Medium","Permethrin",2018,"An. gambiae s.l.","F0_ADULTS_(FROM_WILD_LARVAE)",100,59.9,"Moderate to high intensity"
"127","IR000058413","Burkina Faso",11.011351,-4.056328,"Pyrethroids",0.05,"High","Deltamethrin",2020,"An. gambiae s.l.","F0_ADULTS_(FROM_WILD_LARVAE)",99,85.7,"High intensity"
"128","IR000051447","Mali",11.41668,-7.48332,"Pyrethroids",0.05,"High","Deltamethrin",2018,"An. gambiae s.l.","F0_ADULTS_(FROM_WILD_LARVAE)",100,96,"High intensity"
"129","IR000050072","Guinea-Bissau",11.592047,-14.994381,"Pyrethroids",0.75,"Low","Permethrin",2018,"An. gambiae s.l.","F0_ADULTS_(FROM_WILD_LARVAE)",103,21,"N/A"
"130","IR000058391","Burkina Faso",13.0859,-1.0824,"Pyrethroids",0.05,"High","Alpha-cypermethrin",2020,"An. gambiae s.l.","F0_ADULTS_(FROM_WILD_LARVAE)",96,58,"High intensity"
"131","IR000058354","Burkina Faso",12.358651,-1.606883,"Pyrethroids",0.25,"Medium","Alpha-cypermethrin",2020,"An. gambiae s.l.","F0_ADULTS_(FROM_WILD_LARVAE)",94,49,"Moderate to high intensity"
"132","IR000058342","Burkina Faso",10.624117,-4.55335,"Pyrethroids",0.05,"High","Deltamethrin",2020,"An. gambiae s.l.","F0_ADULTS_(FROM_WILD_LARVAE)",410,76.3,"High intensity"
"133","IRInt169","Uganda",0.396,34.077,"Pyrethroids",0.75,"High","Permethrin",2020,"An. funestus s.s.","F1_ADULTS_(PROGENY_OF_WILD_ADULTS)",96,90.8,"High intensity"
"134","IRInt230","Burkina Faso",11.4634,-4.318,"Pyrethroids",3.75,"Medium","Permethrin",2018,"An. coluzzii","F0_ADULTS_(FROM_WILD_LARVAE)",55,30,"Moderate to high intensity"
"135","IRInt459","Burkina Faso",10.3333,-3.18333,"Pyrethroids",0.05,"High","Alpha-cypermethrin",2019,"An. gambiae s.l.","F0_ADULTS_(FROM_WILD_LARVAE)",95,81.5,"High intensity"
"136","IRMZS21005","Mozambique",-15.4892,36.2726,"Pyrethroids",0.25,"Medium","Lambda-cyhalothrin",2021,"An. gambiae s.l.","F0_ADULTS_(FROM_WILD_LARVAE)",100,99,"Low intensity"
"137","IR000042037","Ghana",5.596228,-0.183731,"Pyrethroids",10.75,"Medium","Permethrin",2017,"An. gambiae s.l.","F0_ADULTS_(FROM_WILD_LARVAE)",71,19.7,"Moderate to high intensity"
"138","IR000042021","Ghana",5.596228,-0.183731,"Pyrethroids",0.75,"High","Permethrin",2017,"An. gambiae s.l.","F0_ADULTS_(FROM_WILD_LARVAE)",74,71.6,"High intensity"
"139","IRDis222","Uganda",0.457,33.478,"Pyrethroids",0.05,"Low","Deltamethrin",2020,"An. funestus s.s.","F1_ADULTS_(PROGENY_OF_WILD_ADULTS)",95,29.5,"N/A"
"140","IR000051421","Mali",14.078493,-3.518264,"Pyrethroids",0.05,"Low","Alpha-cypermethrin",2018,"An. gambiae s.l.","F0_ADULTS_(FROM_WILD_LARVAE)",100,19,"N/A"
"141","IR000058440","Kenya",0.16833,34.7277,"Pyrethroids",0.05,"High","Deltamethrin",2019,"An. gambiae s.l.","F0_ADULTS_(FROM_WILD_LARVAE)",50,72,"High intensity"
"142","IRInt58","Côte d’Ivoire",6.1069,-3.8619,"Pyrethroids",3.75,"Medium","Permethrin",2019,"An. gambiae s.l.","F0_ADULTS_(FROM_WILD_LARVAE)",95,27.5,"Moderate to high intensity"
"143","IRInt63","Côte d’Ivoire",6.070502,-3.420461,"Pyrethroids",0.75,"High","Permethrin",2019,"An. gambiae s.l.","F0_ADULTS_(FROM_WILD_LARVAE)",93,81.1,"High intensity"
"144","IRDis790","Burkina Faso",10.97475,-4.927154,"Pyrethroids",0.05,"Low","Alpha-cypermethrin",2019,"An. gambiae s.l.","F0_ADULTS_(FROM_WILD_LARVAE)",95,8.7,"N/A"
"145","IR000051789","Kenya",-0.538923,34.431259,"Pyrethroids",2.15,"High","Permethrin",2017,"An. arabiensis","F0_ADULTS_(FROM_WILD_LARVAE)",100,100,"Low intensity"
"146","IRInt27","Côte d’Ivoire",5.473,-3.21108,"Pyrethroids",0.05,"High","Deltamethrin",2019,"An. gambiae s.l.","F0_ADULTS_(FROM_WILD_LARVAE)",50,58.3,"High intensity"
"147","IRInt409","Cameroon",3.87131,11.45426,"Pyrethroids",0.05,"High","Etofenprox",2019,"An. gambiae s.l.","F0_ADULTS_(FROM_WILD_LARVAE)",95,98.6,"Low intensity"
"148","IRDis802","Burkina Faso",10.3333,-3.18333,"Pyrethroids",0.75,"Low","Permethrin",2019,"An. gambiae s.l.","F0_ADULTS_(FROM_WILD_LARVAE)",50,13.4,"N/A"
"149","IRInt164","Uganda",0.396,34.077,"Pyrethroids",3.75,"Medium","Permethrin",2020,"An. gambiae s.l.","F1_ADULTS_(PROGENY_OF_WILD_ADULTS)",95,88.2,"Moderate to high intensity"
"150","IR000051299","Mali",12.86666,-7.56666,"Pyrethroids",2.15,"High","Permethrin",2016,"An. gambiae s.l.","F0_ADULTS_(FROM_WILD_LARVAE)",100,91,"High intensity"
"151","IRDis513","Benin",11.85722,3.37924,"Pyrethroids",0.75,"Low","Permethrin",2017,"An. gambiae s.l.","F0_ADULTS_(FROM_WILD_LARVAE)",93,16,"N/A"
"152","IRInt436","Burkina Faso",11.011351,-4.056328,"Pyrethroids",0.25,"Medium","Deltamethrin",2019,"An. gambiae s.l.","F0_ADULTS_(FROM_WILD_LARVAE)",81,87.3,"Moderate to high intensity"
"153","IR000050754","Democratic Republic of the Congo",-5.9475,29.1947,"Pyrethroids",0.05,"High","Alpha-cypermethrin",2018,"An. gambiae s.l.","F0_ADULTS_(FROM_WILD_LARVAE)",100,100,"Low intensity"
"154","IRInt47","Côte d’Ivoire",9.503715,-7.579168,"Pyrethroids",0.05,"High","Deltamethrin",2019,"An. gambiae s.l.","F0_ADULTS_(FROM_WILD_LARVAE)",50,62.6,"High intensity"
"155","IRDis1090","Benin",6.4969,2.6289,"Pyrethroids",0.05,"Low","Deltamethrin",2017,"An. gambiae s.l.","F0_ADULTS_(FROM_WILD_LARVAE)",94,14.9,"N/A"
"156","IR000051237","Mali",13.906161,-4.554654,"Pyrethroids",2.15,"Low","Permethrin",2016,"An. gambiae s.l.","F0_ADULTS_(FROM_WILD_LARVAE)",100,17,"N/A"
"157","IRInt460","Burkina Faso",10.964122,-3.257144,"Pyrethroids",0.25,"Medium","Alpha-cypermethrin",2019,"An. gambiae s.l.","F0_ADULTS_(FROM_WILD_LARVAE)",81,81.2,"Moderate to high intensity"
"158","IR000058311","Mozambique",-17.446136,35.07959,"Pyrethroids",3.75,"Medium","Permethrin",2020,"An. gambiae s.l.","F0_ADULTS_(FROM_WILD_LARVAE)",100,54,"Moderate to high intensity"
"159","IRMZ20210001","Mozambique",-15.157112,39.342965,"Pyrethroids",0.75,"Medium","Permethrin",2021,"An. gambiae s.l.","F0_ADULTS_(FROM_WILD_LARVAE)",75,16,"N/A"
"160","IR000050738","Democratic Republic of the Congo",-3.526871,23.599733,"Pyrethroids",0.25,"Medium","Alpha-cypermethrin",2018,"An. gambiae s.l.","F0_ADULTS_(FROM_WILD_LARVAE)",100,94,"Moderate to high intensity"
"161","IRDis728","Cameroon",3.87131,11.45426,"Pyrethroids",0.75,"Low","Permethrin",2018,"An. gambiae s.l.","F0_ADULTS_(FROM_WILD_LARVAE)",95,17.9,"N/A"
"162","IR000050751","Democratic Republic of the Congo",-1.928852,18.266101,"Pyrethroids",0.05,"High","Alpha-cypermethrin",2018,"An. gambiae s.l.","F0_ADULTS_(FROM_WILD_LARVAE)",100,100,"Low intensity"
"163","IR000051167","Mali",12.65001,-7.99986,"Pyrethroids",2.15,"High","Permethrin",2016,"An. gambiae s.l.","F0_ADULTS_(FROM_WILD_LARVAE)",100,74,"High intensity"
"164","IRInt238","Ethiopia",8.15,38.8167,"Pyrethroids",0.25,"Medium","Alpha-cypermethrin",2020,"An. stephensi","F0_ADULTS_(FROM_WILD_LARVAE)",101,67.8,"Moderate to high intensity"
"165","IR000051011","India",20.4615,82.5709,"Pyrethroids",0.05,"High","Deltamethrin",2019,"An. culicifacies s.l.","F1_ADULTS_(PROGENY_OF_WILD_ADULTS)",100,100,"Low intensity"
"166","IRMZS21016","Mozambique",-16.12663,33.41743,"Pyrethroids",0.25,"Medium","Deltamethrin",2021,"An. gambiae s.l.","F0_ADULTS_(FROM_WILD_LARVAE)",100,88,"Moderate to high intensity"
"167","IR000058318","Burkina Faso",10.651883,-4.824417,"Pyrethroids",0.25,"Medium","Alpha-cypermethrin",2020,"An. gambiae s.l.","F0_ADULTS_(FROM_WILD_LARVAE)",251,1.6,"Moderate to high intensity"
"168","IR000038351","Guinea",9.961223,-10.701656,"Pyrethroids",2.15,"High","Permethrin",2018,"An. gambiae s.l.","F0_ADULTS_(WILD_COLLECTED)",29,100,"Low intensity"
"169","IR000058334","Burkina Faso",10.651883,-4.824417,"Pyrethroids",0.05,"High","Alpha-cypermethrin",2020,"An. gambiae s.l.","F0_ADULTS_(FROM_WILD_LARVAE)",361,28.5,"High intensity"
"170","IRInt263","Ethiopia",8.174722,40.034444,"Pyrethroids",0.75,"Low","Permethrin",2020,"An. stephensi","F0_ADULTS_(FROM_WILD_LARVAE)",101,43,"N/A"
"171","IR000002376","China",31.0128,121.2017,"Pyrethroids",0.25,"Medium","Deltamethrin",2010,"An. sinensis s.l.","NR",80,57.5,"Moderate to high intensity"
"172","IR000058321","Burkina Faso",10.1995,-5.012717,"Pyrethroids",0.25,"Medium","Deltamethrin",2020,"An. gambiae s.l.","F0_ADULTS_(FROM_WILD_LARVAE)",261,73.2,"Moderate to high intensity"
"173","IR000050574","Democratic Republic of the Congo",-4.5888,15.1668,"Pyrethroids",2.15,"High","Permethrin",2017,"An. gambiae s.l.","F0_ADULTS_(FROM_WILD_LARVAE)",100,60,"High intensity"
"174","IR000050583","Democratic Republic of the Congo",-4.202222,15.551667,"Pyrethroids",2.15,"High","Permethrin",2017,"An. gambiae s.l.","F0_ADULTS_(FROM_WILD_LARVAE)",100,38,"High intensity"
"175","IR000038350","Guinea",9.961223,-10.701656,"Pyrethroids",10.75,"Medium","Permethrin",2018,"An. gambiae s.l.","F0_ADULTS_(WILD_COLLECTED)",20,100,"Low intensity"
"176","IR000038349","Guinea",9.961223,-10.701656,"Pyrethroids",2.15,"Low","Permethrin",2018,"An. gambiae s.l.","F0_ADULTS_(WILD_COLLECTED)",15,7,"N/A"
"177","IRDis98","Côte d’Ivoire",6.8777,-6.4513,"Pyrethroids",0.05,"Low","Alpha-cypermethrin",2019,"An. gambiae s.l.","F0_ADULTS_(FROM_WILD_LARVAE)",84,4.4,"N/A"
"178","IRInt270","Ethiopia",5.952,43.557,"Pyrethroids",0.75,"Low","Permethrin",2020,"An. stephensi","F0_ADULTS_(FROM_WILD_LARVAE)",103,9.9,"N/A"
"179","IRInt243","Ethiopia",5.952,43.557,"Pyrethroids",0.05,"Low","Alpha-cypermethrin",2020,"An. stephensi","F0_ADULTS_(FROM_WILD_LARVAE)",101,1,"N/A"
"180","IRInt91","Côte d’Ivoire",7.672502,-5.593886,"Pyrethroids",0.05,"High","Alpha-cypermethrin",2019,"An. gambiae s.l.","F0_ADULTS_(FROM_WILD_LARVAE)",95,78.8,"High intensity"
"181","IRSN2022016","Senegal",13.99345,-14.66139,"Pyrethroids",0.05,"Low","Deltamethrin",2021,"An. gambiae s.l.","F0_ADULTS_(FROM_WILD_LARVAE)",113,64,"N/A"
"182","IR000051415","Mali",14.348948,-3.609117,"Pyrethroids",0.75,"Low","Permethrin",2018,"An. gambiae s.l.","F0_ADULTS_(FROM_WILD_LARVAE)",100,28,"N/A"
"183","IR000045089","Ethiopia",7.9277,38.7211,"Organochlorines",1,"Low","DDT",2014,"An. arabiensis","F0_ADULTS_(FROM_WILD_LARVAE)",15,87,"N/A"
"184","IRDis758","Côte d’Ivoire",5.9318,-4.2181,"Pyrethroids",1.25,"Low","Deltamethrin",2019,"An. gambiae s.l.","F1_ADULTS_(PROGENY_OF_WILD_ADULTS)",204,30.8,"N/A"
"185","IR000050545","Democratic Republic of the Congo",-4.404957,15.371885,"Pyrethroids",2.15,"Low","Permethrin",2017,"An. gambiae s.l.","F0_ADULTS_(FROM_WILD_LARVAE)",100,0,"N/A"
"186","IR000058361","Burkina Faso",10.141369,-3.459326,"Pyrethroids",0.25,"Medium","Deltamethrin",2020,"An. gambiae s.l.","F0_ADULTS_(FROM_WILD_LARVAE)",92,56,"Moderate to high intensity"
"187","IR000026803","Yemen",14.370018,43.511675,"Pyrethroids",0.05,"Low","Lambda-cyhalothrin",2017,"An. arabiensis","F0_ADULTS_(FROM_WILD_LARVAE)",114,87.7,"N/A"
"188","IRInt5","Côte d’Ivoire",5.9318,-4.2181,"Pyrethroids",6.25,"Medium","Deltamethrin",2019,"An. gambiae s.l.","F0_ADULTS_(WILD_COLLECTED)",81,65,"Moderate to high intensity"
"189","IR000051408","Mali",12.65001,-7.99986,"Pyrethroids",0.75,"High","Permethrin",2018,"An. gambiae s.l.","F0_ADULTS_(FROM_WILD_LARVAE)",100,80,"High intensity"
"190","IRInt266","Ethiopia",8.15,38.8167,"Pyrethroids",3.75,"Medium","Permethrin",2020,"An. stephensi","F0_ADULTS_(FROM_WILD_LARVAE)",87,99.1,"Low intensity"
"191","IR000050989","India",18.1641,81.9535,"Pyrethroids",0.25,"Medium","Deltamethrin",2019,"An. culicifacies s.l.","F1_ADULTS_(PROGENY_OF_WILD_ADULTS)",100,97,"Moderate to high intensity"
"192","IR000050595","Democratic Republic of the Congo",-4.3368,15.5127,"Pyrethroids",1.25,"High","Deltamethrin",2017,"An. gambiae s.l.","F0_ADULTS_(FROM_WILD_LARVAE)",100,100,"Low intensity"
"193","IR000050762","Democratic Republic of the Congo",-10.934159,26.953514,"Pyrethroids",0.25,"Medium","Alpha-cypermethrin",2018,"An. gambiae s.l.","F0_ADULTS_(FROM_WILD_LARVAE)",100,100,"Low intensity"
"194","IRInt384","Cameroon",3.87131,11.45426,"Pyrethroids",0.05,"High","Etofenprox",2018,"An. gambiae s.l.","F0_ADULTS_(FROM_WILD_LARVAE)",90,85.7,"High intensity"
"195","IR000051306","Mali",12.86666,-7.56666,"Pyrethroids",1.25,"Low","Deltamethrin",2017,"An. gambiae s.l.","F0_ADULTS_(FROM_WILD_LARVAE)",100,26,"N/A"
"196","IRInt247","Ethiopia",8.174722,40.034444,"Pyrethroids",0.25,"Medium","Deltamethrin",2019,"An. stephensi","F0_ADULTS_(FROM_WILD_LARVAE)",95,99.1,"Low intensity"
"197","IR000045119","Ethiopia",7.9277,38.7211,"Pyrethroids",2.15,"Low","Permethrin",2014,"An. arabiensis","F0_ADULTS_(FROM_WILD_LARVAE)",26,88,"N/A"
"198","IR000050658","Democratic Republic of the Congo",-2.2231,28.8315,"Pyrethroids",1.25,"High","Deltamethrin",2017,"An. gambiae s.l.","F0_ADULTS_(FROM_WILD_LARVAE)",100,98,"Low intensity"
"199","IRMZS21012","Mozambique",-15.157112,39.342965,"Pyrethroids",3.75,"Medium","Permethrin",2021,"An. gambiae s.l.","F0_ADULTS_(FROM_WILD_LARVAE)",100,75,"Moderate to high intensity"
"200","IR000050758","Democratic Republic of the Congo",0.632119,28.46606,"Pyrethroids",0.05,"Low","Alpha-cypermethrin",2018,"An. gambiae s.l.","F0_ADULTS_(FROM_WILD_LARVAE)",100,55,"N/A"
"201","IR000057315","Sierra Leone",9.2953,-12.2077,"Pyrethroids",6.25,"Medium","Deltamethrin",2020,"An. gambiae s.l.","NR",104,59.6,"Moderate to high intensity"
"202","IR000051328","Mali",11.6191,-8.2338,"Pyrethroids",2.15,"High","Permethrin",2017,"An. gambiae s.l.","F0_ADULTS_(FROM_WILD_LARVAE)",100,64,"High intensity"
"203","IR000047560","South Africa",-28.343065,30.871582,"Pyrethroids",0.05,"Low","Deltamethrin",2016,"An. arabiensis","F1_ADULTS_(PROGENY_OF_WILD_ADULTS)",75,88,"N/A"
"204","IRDis62","Côte d’Ivoire",5.473,-3.21108,"Pyrethroids",0.05,"Low","Deltamethrin",2019,"An. gambiae s.l.","F0_ADULTS_(FROM_WILD_LARVAE)",84,6.4,"N/A"
"205","IR000050546","Democratic Republic of the Congo",-4.404957,15.371885,"Pyrethroids",10.75,"Medium","Permethrin",2017,"An. gambiae s.l.","F0_ADULTS_(FROM_WILD_LARVAE)",100,35,"Moderate to high intensity"
"206","IRInt443","Burkina Faso",12.183625,-4.073765,"Pyrethroids",0.05,"High","Deltamethrin",2019,"An. gambiae s.l.","F0_ADULTS_(FROM_WILD_LARVAE)",50,59.2,"High intensity"
"207","IR000026804","Yemen",14.370018,43.511675,"Pyrethroids",0.25,"Medium","Lambda-cyhalothrin",2017,"An. arabiensis","F0_ADULTS_(FROM_WILD_LARVAE)",147,100,"Low intensity"
"208","IR000058309","Mozambique",-17.1816,37.4681,"Pyrethroids",0.75,"High","Permethrin",2020,"An. gambiae s.l.","F0_ADULTS_(FROM_WILD_LARVAE)",100,93,"High intensity"
"209","IRInt531","Benin",9.351253,2.574577,"Pyrethroids",3.75,"Medium","Permethrin",2017,"An. gambiae s.l.","F0_ADULTS_(FROM_WILD_LARVAE)",100,84,"Moderate to high intensity"
"210","IR000051296","Mali",13.04114,-9.484723,"Pyrethroids",1.25,"High","Deltamethrin",2017,"An. gambiae s.l.","F0_ADULTS_(FROM_WILD_LARVAE)",100,78,"High intensity"
"211","IR000051291","Mali",13.04114,-9.484723,"Pyrethroids",1.25,"Low","Deltamethrin",2016,"An. gambiae s.l.","F0_ADULTS_(FROM_WILD_LARVAE)",100,62,"N/A"
"212","IRInt399","Cameroon",3.947778,11.505,"Pyrethroids",0.75,"High","Permethrin",2019,"An. gambiae s.l.","F0_ADULTS_(FROM_WILD_LARVAE)",91,92.1,"High intensity"
"213","IR000051509","Mali",14.223544,-5.976456,"Pyrethroids",0.25,"Medium","Alpha-cypermethrin",2018,"An. gambiae s.l.","F0_ADULTS_(FROM_WILD_LARVAE)",100,63,"Moderate to high intensity"
"214","IR000027904","Nigeria",6.718242,3.94003,"Pyrethroids",3.75,"Medium","Permethrin",2016,"An. gambiae s.l.","F0_ADULTS_(WILD_COLLECTED)",100,100,"Low intensity"
"215","IRDis1087","Benin",6.3667,2.4334,"Pyrethroids",0.75,"Low","Permethrin",2017,"An. gambiae s.l.","F0_ADULTS_(FROM_WILD_LARVAE)",93,41.1,"N/A"
"216","IRInt35","Côte d’Ivoire",7.666667,-5.0166,"Pyrethroids",0.05,"High","Deltamethrin",2019,"An. gambiae s.l.","F0_ADULTS_(FROM_WILD_LARVAE)",95,50.3,"High intensity"
"217","IR000050571","Democratic Republic of the Congo",-4.4419,15.2663,"Pyrethroids",1.25,"High","Deltamethrin",2017,"An. gambiae s.l.","F0_ADULTS_(FROM_WILD_LARVAE)",100,100,"Low intensity"
"218","IRInt55","Côte d’Ivoire",6.729096,-3.49632,"Pyrethroids",0.75,"High","Permethrin",2019,"An. gambiae s.l.","F0_ADULTS_(FROM_WILD_LARVAE)",84,63.8,"High intensity"
"219","IR000051293","Mali",13.04114,-9.484723,"Pyrethroids",1.25,"High","Deltamethrin",2016,"An. gambiae s.l.","F0_ADULTS_(FROM_WILD_LARVAE)",100,71,"High intensity"
"220","IRInt543","Benin",6.4969,2.6289,"Pyrethroids",3.75,"Medium","Permethrin",2017,"An. gambiae s.l.","F0_ADULTS_(FROM_WILD_LARVAE)",73,67.1,"Moderate to high intensity"
"221","IR000051270","Mali",10.557084,-5.75997,"Pyrethroids",1.25,"Low","Deltamethrin",2017,"An. gambiae s.l.","F0_ADULTS_(FROM_WILD_LARVAE)",100,74,"N/A"
"222","IR000058366","Burkina Faso",12.715024,-3.863863,"Pyrethroids",0.25,"Medium","Deltamethrin",2020,"An. gambiae s.l.","F0_ADULTS_(FROM_WILD_LARVAE)",108,35.3,"Moderate to high intensity"
"223","IRSNI2022020","Senegal",13.86377,-14.08185,"Pyrethroids",0.75,"High","Permethrin",2021,"An. gambiae s.l.","F0_ADULTS_(FROM_WILD_LARVAE)",102,100,"Moderate intensity"
"224","IR000050642","Democratic Republic of the Congo",-6.025361,22.319498,"Pyrethroids",10.75,"Medium","Permethrin",2017,"An. gambiae s.l.","F0_ADULTS_(FROM_WILD_LARVAE)",100,18,"Moderate to high intensity"
"225","IRDis726","Cameroon",3.947778,11.505,"Pyrethroids",0.05,"Low","Deltamethrin",2018,"An. gambiae s.l.","F0_ADULTS_(FROM_WILD_LARVAE)",108,31.7,"N/A"
"226","IR000001296","China",31.63,113.8238,"Pyrethroids",0.25,"Medium","Deltamethrin",2010,"An. sinensis s.l.","NR",102,6,"Moderate to high intensity"
"227","IR000045079","Ethiopia",8.539969,39.27198,"Organochlorines",10,"High","DDT",2014,"An. arabiensis","F0_ADULTS_(FROM_WILD_LARVAE)",10,100,"Low intensity"
"228","IR000045152","Ethiopia",7.773141,37.231293,"Pyrethroids",1.25,"High","Deltamethrin",2015,"An. arabiensis","F0_ADULTS_(FROM_WILD_LARVAE)",20,75,"High intensity"
"229","IR000051209","Mali",13.0683,-6.8279,"Pyrethroids",1.25,"High","Deltamethrin",2016,"An. gambiae s.l.","F0_ADULTS_(FROM_WILD_LARVAE)",100,89,"High intensity"
"230","IR000020329","Uganda",0.678227,34.186567,"Pyrethroids",2.15,"High","Permethrin",2015,"An. gambiae s.l.","NR",25,14.3,"High intensity"
"231","IRDis101","Côte d’Ivoire",8.452464,-3.476014,"Pyrethroids",0.05,"Low","Alpha-cypermethrin",2019,"An. gambiae s.l.","F0_ADULTS_(FROM_WILD_LARVAE)",81,11.6,"N/A"
"232","IR000050570","Democratic Republic of the Congo",-4.4419,15.2663,"Pyrethroids",6.25,"Medium","Deltamethrin",2017,"An. gambiae s.l.","F0_ADULTS_(FROM_WILD_LARVAE)",100,100,"Low intensity"
"233","IR000051482","Mali",13.04114,-9.484723,"Pyrethroids",0.05,"Low","Alpha-cypermethrin",2018,"An. gambiae s.l.","F0_ADULTS_(FROM_WILD_LARVAE)",100,35,"N/A"
"234","IR000058272","Nicaragua",13.4985,-84.2236,"Pyrethroids",0.05,"High","Deltamethrin",2021,"An. albimanus","F0_ADULTS_(WILD_COLLECTED)",200,97,"High intensity"
"235","IR000021256","Bangladesh",21.427653,91.978016,"Pyrethroids",3.75,"Medium","Permethrin",2017,"An. vagus","F1_ADULTS_(PROGENY_OF_WILD_ADULTS)",50,78,"Moderate to high intensity"
"236","IRDis78","Côte d’Ivoire",6.1069,-3.8619,"Pyrethroids",0.75,"Low","Permethrin",2019,"An. gambiae s.l.","F0_ADULTS_(FROM_WILD_LARVAE)",84,2.2,"N/A"
"237","IRSN2022015","Senegal",14.865405,-15.895849,"Pyrethroids",0.05,"Low","Deltamethrin",2021,"An. gambiae s.l.","F0_ADULTS_(FROM_WILD_LARVAE)",95,61,"N/A"
"238","IRInt39","Côte d’Ivoire",6.8777,-6.4513,"Pyrethroids",0.05,"High","Deltamethrin",2019,"An. gambiae s.l.","F0_ADULTS_(FROM_WILD_LARVAE)",84,34.4,"High intensity"
"239","IRInt70","Côte d’Ivoire",8.36333,-4.428611,"Pyrethroids",3.75,"Medium","Permethrin",2019,"An. gambiae s.l.","F0_ADULTS_(FROM_WILD_LARVAE)",95,43.2,"Moderate to high intensity"
"240","IRInt351","Cameroon",3.947778,11.505,"Pyrethroids",0.05,"High","Etofenprox",2018,"An. gambiae s.l.","F0_ADULTS_(FROM_WILD_LARVAE)",80,85,"High intensity"
"241","IRInt282","Benin",9.351253,2.574577,"Pyrethroids",0.25,"Medium","Deltamethrin",2017,"An. gambiae s.l.","F0_ADULTS_(FROM_WILD_LARVAE)",82,49,"Moderate to high intensity"
"242","IR000050699","Democratic Republic of the Congo",-10.934159,26.953514,"Pyrethroids",3.75,"Medium","Permethrin",2018,"An. gambiae s.l.","F0_ADULTS_(FROM_WILD_LARVAE)",100,100,"Low intensity"
"243","IR000050514","Democratic Republic of the Congo",-4.5888,15.1668,"Pyrethroids",2.15,"High","Permethrin",2016,"An. gambiae s.l.","F0_ADULTS_(FROM_WILD_LARVAE)",100,99,"Low intensity"
"244","IRInt526","Benin",6.3667,2.4334,"Pyrethroids",0.05,"High","Deltamethrin",2017,"An. gambiae s.l.","F0_ADULTS_(FROM_WILD_LARVAE)",92,96.7,"High intensity"
"245","IR000051007","India",20.70419,83.49029,"Pyrethroids",0.25,"Medium","Deltamethrin",2019,"An. culicifacies s.l.","F1_ADULTS_(PROGENY_OF_WILD_ADULTS)",100,96,"Moderate to high intensity"
"246","IRInt65","Côte d’Ivoire",7.666667,-5.0166,"Pyrethroids",0.75,"High","Permethrin",2019,"An. gambiae s.l.","F0_ADULTS_(FROM_WILD_LARVAE)",84,58.5,"High intensity"
"247","IR000050648","Democratic Republic of the Congo",-10.934159,26.953514,"Pyrethroids",10.75,"Medium","Permethrin",2017,"An. gambiae s.l.","F0_ADULTS_(FROM_WILD_LARVAE)",100,10,"Moderate to high intensity"
"248","IRInt349","Cameroon",3.947778,11.505,"Pyrethroids",0.75,"High","Permethrin",2018,"An. gambiae s.l.","F0_ADULTS_(FROM_WILD_LARVAE)",83,99.2,"Low intensity"
"249","IR000001347","China",22.67,112.7911,"Pyrethroids",0.25,"Medium","Deltamethrin",2010,"An. sinensis s.l.","NR",107,28.6,"Moderate to high intensity"
"250","IR000058394","Burkina Faso",12.715024,-3.863863,"Pyrethroids",0.05,"High","Alpha-cypermethrin",2020,"An. gambiae s.l.","F0_ADULTS_(FROM_WILD_LARVAE)",96,8.5,"High intensity"
"251","IR000050537","Democratic Republic of the Congo",-4.202222,15.551667,"Pyrethroids",6.25,"Medium","Deltamethrin",2016,"An. gambiae s.l.","F0_ADULTS_(FROM_WILD_LARVAE)",100,70,"Moderate to high intensity"
"252","IR000058362","Burkina Faso",11.016667,-4.033333,"Pyrethroids",0.25,"Medium","Deltamethrin",2020,"An. gambiae s.l.","F0_ADULTS_(FROM_WILD_LARVAE)",106,69,"Moderate to high intensity"
"253","IR000050614","Democratic Republic of the Congo",-4.4419,15.2663,"Pyrethroids",2.15,"Low","Permethrin",2017,"An. gambiae s.l.","F0_ADULTS_(FROM_WILD_LARVAE)",100,0,"N/A"
"254","IR000050625","Democratic Republic of the Congo",-4.3368,15.5127,"Pyrethroids",1.25,"High","Deltamethrin",2017,"An. gambiae s.l.","F0_ADULTS_(FROM_WILD_LARVAE)",100,100,"Low intensity"
"255","IR000027593","Congo",-4.26777,15.27527,"Pyrethroids",0.05,"Low","Deltamethrin",2018,"An. gambiae s.l.","F0_ADULTS_(FROM_WILD_LARVAE)",75,78.6,"N/A"
"256","IR000050636","Democratic Republic of the Congo",-5.9475,29.1947,"Pyrethroids",10.75,"Medium","Permethrin",2017,"An. gambiae s.l.","F0_ADULTS_(FROM_WILD_LARVAE)",100,13,"Moderate to high intensity"
"257","IR000058261","Yemen",13.918,43.7309,"Pyrethroids",0.05,"Low","Deltamethrin",2019,"An. arabiensis","F0_ADULTS_(FROM_WILD_LARVAE)",100,84,"N/A"
"258","IR000042017","Ghana",5.596228,-0.183731,"Pyrethroids",0.25,"Medium","Deltamethrin",2017,"An. gambiae s.l.","F0_ADULTS_(FROM_WILD_LARVAE)",88,23.9,"Moderate to high intensity"
"259","IRInt60","Côte d’Ivoire",7.672502,-5.593886,"Pyrethroids",3.75,"Medium","Permethrin",2019,"An. gambiae s.l.","F0_ADULTS_(FROM_WILD_LARVAE)",50,64.2,"Moderate to high intensity"
"260","IRInt241","Ethiopia",8.901,39.918,"Pyrethroids",0.25,"Medium","Alpha-cypermethrin",2020,"An. stephensi","F0_ADULTS_(FROM_WILD_LARVAE)",96,77.9,"Moderate to high intensity"
"261","IR000051480","Mali",14.44693,-11.44448,"Pyrethroids",0.05,"Low","Deltamethrin",2018,"An. gambiae s.l.","F0_ADULTS_(FROM_WILD_LARVAE)",100,76,"N/A"
"262","IR000058337","Burkina Faso",10.1995,-5.012717,"Pyrethroids",0.05,"High","Deltamethrin",2020,"An. gambiae s.l.","F0_ADULTS_(FROM_WILD_LARVAE)",175,73.9,"High intensity"
"263","IRInt577","Cameroon",3.947778,11.505,"Pyrethroids",0.25,"Medium","Deltamethrin",2019,"An. gambiae s.l.","F0_ADULTS_(FROM_WILD_LARVAE)",117,29.9,"Moderate to high intensity"
"264","IRInt554","Benin",11.13417,2.93861,"Pyrethroids",0.05,"High","Deltamethrin",2017,"An. gambiae s.l.","F0_ADULTS_(FROM_WILD_LARVAE)",82,96.3,"High intensity"
"265","IRMG20210002","Madagascar",-23.3542,43.6697,"Pyrethroids",0.75,"Low","Permethrin",2021,"An. gambiae s.l.","F0_ADULTS_(FROM_WILD_LARVAE)",100,44,"N/A"
"266","IRInt411","Cameroon",3.87131,11.45426,"Pyrethroids",0.05,"High","Deltamethrin",2019,"An. gambiae s.l.","F0_ADULTS_(FROM_WILD_LARVAE)",81,39.2,"High intensity"
"267","IR000051322","Mali",14.223544,-5.976456,"Pyrethroids",1.25,"High","Deltamethrin",2017,"An. gambiae s.l.","F0_ADULTS_(FROM_WILD_LARVAE)",100,81,"High intensity"
"268","IRDis362","Benin",6.4969,2.6289,"Pyrethroids",0.05,"Low","Deltamethrin",2017,"An. gambiae s.l.","F0_ADULTS_(FROM_WILD_LARVAE)",94,14.9,"N/A"
"269","IR000051220","Mali",12.955,-5.7563,"Pyrethroids",6.25,"Medium","Deltamethrin",2016,"An. gambiae s.l.","F0_ADULTS_(FROM_WILD_LARVAE)",100,74,"Moderate to high intensity"
"270","IRInt62","Côte d’Ivoire",6.070502,-3.420461,"Pyrethroids",3.75,"Medium","Permethrin",2019,"An. gambiae s.l.","F0_ADULTS_(FROM_WILD_LARVAE)",81,68.5,"Moderate to high intensity"
"271","IRInt95","Côte d’Ivoire",9.271,-2.992,"Pyrethroids",0.05,"High","Alpha-cypermethrin",2019,"An. gambiae s.l.","F0_ADULTS_(FROM_WILD_LARVAE)",93,17.1,"High intensity"
"272","IRInt412","Cameroon",3.87131,11.45426,"Pyrethroids",0.25,"Medium","Alpha-cypermethrin",2019,"An. gambiae s.l.","F0_ADULTS_(FROM_WILD_LARVAE)",85,38.1,"Moderate to high intensity"
"273","IR000050564","Democratic Republic of the Congo",-4.3368,15.5127,"Pyrethroids",6.25,"Medium","Deltamethrin",2017,"An. gambiae s.l.","F0_ADULTS_(FROM_WILD_LARVAE)",100,100,"Low intensity"
"274","IRDis1275","Cameroon",3.866667,11.516667,"Pyrethroids",0.75,"Low","Permethrin",2018,"An. gambiae s.l.","F0_ADULTS_(FROM_WILD_LARVAE)",100,7.7,"N/A"
"275","IRDis745","Cameroon",3.82,11.53,"Pyrethroids",0.05,"Low","Etofenprox",2019,"An. gambiae s.l.","F0_ADULTS_(FROM_WILD_LARVAE)",104,14.4,"N/A"
"276","IRInt501","Burkina Faso",12.715024,-3.863863,"Pyrethroids",0.75,"High","Permethrin",2019,"An. gambiae s.l.","F0_ADULTS_(FROM_WILD_LARVAE)",81,94.2,"High intensity"
"277","IR000051467","Mali",12.744044,-8.066511,"Pyrethroids",0.05,"High","Alpha-cypermethrin",2018,"An. gambiae s.l.","F0_ADULTS_(FROM_WILD_LARVAE)",100,54,"High intensity"
"278","IRInt274","Benin",11.85722,3.37924,"Pyrethroids",3.75,"Medium","Permethrin",2017,"An. gambiae s.l.","F0_ADULTS_(FROM_WILD_LARVAE)",96,91,"Moderate to high intensity"
"279","IRInt51","Côte d’Ivoire",4.758807,-6.691275,"Pyrethroids",0.05,"High","Deltamethrin",2019,"An. gambiae s.l.","F0_ADULTS_(FROM_WILD_LARVAE)",95,47.5,"High intensity"
"280","IR000026811","Yemen",15.93817,43.31284,"Pyrethroids",0.05,"Low","Deltamethrin",2018,"An. arabiensis","F0_ADULTS_(FROM_WILD_LARVAE)",75,75,"N/A"
"281","IR000058423","Burkina Faso",10.97475,-4.927154,"Pyrethroids",0.75,"High","Permethrin",2020,"An. gambiae s.l.","F0_ADULTS_(FROM_WILD_LARVAE)",90,97.7,"High intensity"
"282","IR000058422","Burkina Faso",12.715024,-3.863863,"Pyrethroids",0.75,"High","Permethrin",2020,"An. gambiae s.l.","F0_ADULTS_(FROM_WILD_LARVAE)",102,82.4,"High intensity"
"283","IR000011825","Peru",-3.503706,-80.390916,"Organophosphates",2.5,"Medium","Fenitrothion",2013,"An. albimanus","NR",82,32,"Moderate to high intensity"
"284","IR000051271","Mali",10.557084,-5.75997,"Pyrethroids",6.25,"Medium","Deltamethrin",2017,"An. gambiae s.l.","F0_ADULTS_(FROM_WILD_LARVAE)",100,87,"Moderate to high intensity"
"285","IR000051432","Mali",12.955,-5.7563,"Pyrethroids",0.05,"High","Alpha-cypermethrin",2018,"An. gambiae s.l.","F0_ADULTS_(FROM_WILD_LARVAE)",100,74,"High intensity"
"286","IR000050620","Democratic Republic of the Congo",-4.404957,15.371885,"Pyrethroids",1.25,"Low","Deltamethrin",2017,"An. gambiae s.l.","F0_ADULTS_(FROM_WILD_LARVAE)",100,8,"N/A"
"287","IRDis74","Côte d’Ivoire",4.758807,-6.691275,"Pyrethroids",0.05,"Low","Deltamethrin",2019,"An. gambiae s.l.","F0_ADULTS_(FROM_WILD_LARVAE)",50,5.1,"N/A"
"288","IR000017907","India",21.906,73.6778,"Pyrethroids",0.25,"Medium","Alpha-cypermethrin",2015,"An. culicifacies s.l.","F0_ADULTS_(WILD_COLLECTED)",30,96.7,"Moderate to high intensity"
"289","IR000035126","Burkina Faso",12.183625,-4.073765,"Pyrethroids",1.25,"Low","Deltamethrin",2018,"An. gambiae s.l.","F0_ADULTS_(FROM_WILD_LARVAE)",47,72.5,"N/A"
"290","IR000045172","Ethiopia",7.316667,38.08333,"Pyrethroids",10.75,"Medium","Permethrin",2015,"An. arabiensis","F0_ADULTS_(FROM_WILD_LARVAE)",23,78,"Moderate to high intensity"
"291","IR000058359","Burkina Faso",10.964122,-3.257144,"Pyrethroids",0.25,"Medium","Deltamethrin",2020,"An. gambiae s.l.","F0_ADULTS_(FROM_WILD_LARVAE)",87,75.5,"Moderate to high intensity"
"292","IR000045192","Ethiopia",7.9277,38.7211,"Pyrethroids",2.15,"High","Permethrin",2015,"An. arabiensis","F0_ADULTS_(FROM_WILD_LARVAE)",10,100,"Low intensity"
"293","IRInt74","Côte d’Ivoire",8.452464,-3.476014,"Pyrethroids",3.75,"Medium","Permethrin",2019,"An. gambiae s.l.","F0_ADULTS_(FROM_WILD_LARVAE)",81,96,"Moderate to high intensity"
"294","IR000051259","Mali",12.7771,-6.9592,"Pyrethroids",6.25,"Medium","Deltamethrin",2017,"An. gambiae s.l.","F0_ADULTS_(FROM_WILD_LARVAE)",100,70,"Moderate to high intensity"
"295","IRInt500","Burkina Faso",12.715024,-3.863863,"Pyrethroids",3.75,"Medium","Permethrin",2019,"An. gambiae s.l.","F0_ADULTS_(FROM_WILD_LARVAE)",81,78.6,"Moderate to high intensity"
"296","IR000050647","Democratic Republic of the Congo",-10.934159,26.953514,"Pyrethroids",2.15,"Low","Permethrin",2017,"An. gambiae s.l.","F0_ADULTS_(FROM_WILD_LARVAE)",100,0,"N/A"
"297","IR000050627","Democratic Republic of the Congo",-4.202222,15.551667,"Pyrethroids",6.25,"Medium","Deltamethrin",2017,"An. gambiae s.l.","F0_ADULTS_(FROM_WILD_LARVAE)",100,92,"Moderate to high intensity"
"298","IRDis741","Cameroon",3.87131,11.45426,"Pyrethroids",0.05,"Low","Etofenprox",2019,"An. gambiae s.l.","F0_ADULTS_(FROM_WILD_LARVAE)",93,76.3,"N/A"
"299","IRInt532","Benin",9.351253,2.574577,"Pyrethroids",0.75,"High","Permethrin",2017,"An. gambiae s.l.","F0_ADULTS_(FROM_WILD_LARVAE)",99,99,"Moderate intensity"
"300","IRInt487","Burkina Faso",10.3333,-3.18333,"Pyrethroids",0.75,"High","Permethrin",2019,"An. gambiae s.l.","F0_ADULTS_(FROM_WILD_LARVAE)",84,94.9,"High intensity"
"301","IR000050672","Democratic Republic of the Congo",-3.526871,23.599733,"Pyrethroids",3.75,"Medium","Permethrin",2018,"An. gambiae s.l.","F0_ADULTS_(FROM_WILD_LARVAE)",100,95,"Moderate to high intensity"
"302","IR000051189","Mali",14.078493,-3.518264,"Pyrethroids",2.15,"Low","Permethrin",2016,"An. gambiae s.l.","F0_ADULTS_(FROM_WILD_LARVAE)",100,42,"N/A"
"303","IR000058350","Burkina Faso",13.302324,-1.523282,"Pyrethroids",0.25,"Medium","Alpha-cypermethrin",2020,"An. gambiae s.l.","F0_ADULTS_(FROM_WILD_LARVAE)",104,38.3,"Moderate to high intensity"
"304","IRInt373","Cameroon",3.947778,11.505,"Pyrethroids",3.75,"Medium","Permethrin",2018,"An. gambiae s.l.","F0_ADULTS_(FROM_WILD_LARVAE)",104,86.3,"Moderate to high intensity"
"305","IR000050532","Democratic Republic of the Congo",-4.404957,15.371885,"Pyrethroids",1.25,"High","Deltamethrin",2016,"An. gambiae s.l.","F0_ADULTS_(FROM_WILD_LARVAE)",100,100,"Low intensity"
"306","IRInt12","Senegal",12.55438,-12.17323,"Pyrethroids",3.75,"Medium","Permethrin",2018,"An. gambiae s.l.","F0_ADULTS_(FROM_WILD_LARVAE)",75,100,"Low intensity"
"307","IR000050736","Democratic Republic of the Congo",-4.404957,15.371885,"Pyrethroids",0.05,"High","Alpha-cypermethrin",2018,"An. gambiae s.l.","F0_ADULTS_(FROM_WILD_LARVAE)",100,100,"Low intensity"
"308","IR000027920","Nigeria",6.525021,2.840258,"Pyrethroids",0.05,"Low","Deltamethrin",2016,"An. gambiae s.l.","F0_ADULTS_(WILD_COLLECTED)",100,41,"N/A"
"309","IRInt362","Cameroon",3.87131,11.45426,"Pyrethroids",0.25,"Medium","Alpha-cypermethrin",2018,"An. gambiae s.l.","F0_ADULTS_(FROM_WILD_LARVAE)",116,71.2,"Moderate to high intensity"
"310","IRDis370","Benin",6.7072,2.4964,"Pyrethroids",0.75,"Low","Permethrin",2017,"An. gambiae s.l.","F0_ADULTS_(FROM_WILD_LARVAE)",62,43.5,"N/A"
"311","IRInt234","Ethiopia",8.174722,40.034444,"Pyrethroids",0.05,"Low","Alpha-cypermethrin",2020,"An. stephensi","F0_ADULTS_(FROM_WILD_LARVAE)",95,10,"N/A"
"312","IR000050581","Democratic Republic of the Congo",-4.202222,15.551667,"Pyrethroids",2.15,"Low","Permethrin",2017,"An. gambiae s.l.","F0_ADULTS_(FROM_WILD_LARVAE)",100,0,"N/A"
"313","IR000058288","Mozambique",-14.803718,36.509971,"Pyrethroids",3.75,"Medium","Permethrin",2020,"An. gambiae s.l.","F0_ADULTS_(FROM_WILD_LARVAE)",100,99,"Low intensity"
"314","IRInt420","Cameroon",3.82,11.53,"Pyrethroids",0.25,"Medium","Alpha-cypermethrin",2019,"An. gambiae s.l.","F0_ADULTS_(FROM_WILD_LARVAE)",94,57,"Moderate to high intensity"
"315","IR000058425","Burkina Faso",13.433971,-1.960708,"Pyrethroids",0.75,"High","Permethrin",2020,"An. gambiae s.l.","F0_ADULTS_(FROM_WILD_LARVAE)",103,92.7,"High intensity"
"316","IR000058419","Burkina Faso",13.0859,-1.0824,"Pyrethroids",0.75,"High","Permethrin",2020,"An. gambiae s.l.","F0_ADULTS_(FROM_WILD_LARVAE)",98,89.9,"High intensity"
"317","IR000050727","Democratic Republic of the Congo",0.51306,25.217662,"Pyrethroids",0.05,"High","Deltamethrin",2018,"An. gambiae s.l.","F0_ADULTS_(FROM_WILD_LARVAE)",100,100,"Low intensity"
"318","IRInt463","Burkina Faso",10.97475,-4.927154,"Pyrethroids",0.05,"High","Alpha-cypermethrin",2019,"An. gambiae s.l.","F0_ADULTS_(FROM_WILD_LARVAE)",81,95.7,"High intensity"
"319","IRInt522","Cameroon",10.866667,15,"Carbamates",0.1,"High","Propoxur",2019,"An. gambiae s.l.","F1_ADULTS_(PROGENY_OF_WILD_ADULTS)",50,94.1,"High intensity"
"320","IR000051255","Mali",12.7771,-6.9592,"Pyrethroids",1.25,"Low","Deltamethrin",2016,"An. gambiae s.l.","F0_ADULTS_(FROM_WILD_LARVAE)",100,21,"N/A"
"321","IR000058270","Nicaragua",14.0351,-83.3888,"Pyrethroids",0.05,"High","Alpha-cypermethrin",2021,"An. albimanus","F0_ADULTS_(WILD_COLLECTED)",100,26,"High intensity"
"322","IR000045106","Ethiopia",7.9277,38.7211,"Pyrethroids",1.25,"High","Deltamethrin",2014,"An. arabiensis","F0_ADULTS_(FROM_WILD_LARVAE)",16,100,"Low intensity"
"323","IR000050756","Democratic Republic of the Congo",-6.025361,22.319498,"Pyrethroids",0.25,"Medium","Alpha-cypermethrin",2018,"An. gambiae s.l.","F0_ADULTS_(FROM_WILD_LARVAE)",100,79,"Moderate to high intensity"
"324","IR000051485","Mali",13.04114,-9.484723,"Pyrethroids",0.75,"Low","Permethrin",2018,"An. gambiae s.l.","F0_ADULTS_(FROM_WILD_LARVAE)",100,23,"N/A"
"325","IRMZ20210106","Mozambique",-16.8473,36.9673,"Pyrethroids",0.05,"Low","Lambda-cyhalothrin",2021,"An. gambiae s.l.","F0_ADULTS_(FROM_WILD_LARVAE)",100,28,"N/A"
"326","IR000045111","Ethiopia",9.119362,37.058552,"Pyrethroids",10.75,"Medium","Permethrin",2014,"An. arabiensis","F0_ADULTS_(FROM_WILD_LARVAE)",15,93,"Moderate to high intensity"
"327","IRInt389","Cameroon",3.87131,11.45426,"Pyrethroids",0.05,"High","Alpha-cypermethrin",2018,"An. gambiae s.l.","F0_ADULTS_(FROM_WILD_LARVAE)",97,87,"High intensity"
"328","IRInt571","Cameroon",3.8956,11.555,"Pyrethroids",3.75,"Medium","Permethrin",2019,"An. gambiae s.l.","F0_ADULTS_(FROM_WILD_LARVAE)",600,68,"Moderate to high intensity"
"329","IR000058300","Mozambique",-15.08833,40.33611,"Pyrethroids",0.25,"Medium","Alpha-cypermethrin",2020,"An. gambiae s.l.","F0_ADULTS_(FROM_WILD_LARVAE)",100,31,"Moderate to high intensity"
"330","IRInt552","Benin",11.13417,2.93861,"Pyrethroids",0.75,"High","Permethrin",2017,"An. gambiae s.l.","F0_ADULTS_(FROM_WILD_LARVAE)",77,98.7,"Moderate intensity"
"331","IR000058372","Burkina Faso",11.750001,-2.933334,"Pyrethroids",3.75,"Medium","Permethrin",2020,"An. gambiae s.l.","F0_ADULTS_(FROM_WILD_LARVAE)",92,95.7,"Moderate to high intensity"
"332","IR000050521","Democratic Republic of the Congo",-4.202222,15.551667,"Pyrethroids",2.15,"Low","Permethrin",2016,"An. gambiae s.l.","F0_ADULTS_(FROM_WILD_LARVAE)",100,11,"N/A"
"333","IR000045187","Ethiopia",7.9277,38.7211,"Pyrethroids",1.25,"Low","Deltamethrin",2015,"An. arabiensis","F0_ADULTS_(FROM_WILD_LARVAE)",11,64,"N/A"
"334","IR000051516","Mali",14.223544,-5.976456,"Pyrethroids",0.05,"High","Deltamethrin",2018,"An. gambiae s.l.","F0_ADULTS_(FROM_WILD_LARVAE)",100,97,"High intensity"
"335","IRInt226","Côte d’Ivoire",6.8777,-6.4513,"Pyrethroids",0.25,"Medium","Alpha-cypermethrin",2019,"An. gambiae s.l.","F0_ADULTS_(FROM_WILD_LARVAE)",95,9.7,"Moderate to high intensity"
"336","IR000026821","Gabon",-1.716667,10.8,"Pyrethroids",0.05,"Low","Deltamethrin",2017,"An. gambiae s.s.","F0_ADULTS_(FROM_WILD_LARVAE)",50,86,"N/A"
"337","IRInt541","Benin",6.3667,2.4334,"Pyrethroids",0.25,"Medium","Deltamethrin",2017,"An. gambiae s.l.","F0_ADULTS_(FROM_WILD_LARVAE)",84,91.6,"Moderate to high intensity"
"338","IRInt357","Cameroon",3.87131,11.45426,"Pyrethroids",0.75,"High","Permethrin",2018,"An. gambiae s.l.","F0_ADULTS_(FROM_WILD_LARVAE)",114,99.2,"Low intensity"
"339","IR000058393","Burkina Faso",9.905253,-4.353365,"Pyrethroids",0.05,"High","Alpha-cypermethrin",2020,"An. gambiae s.l.","F0_ADULTS_(FROM_WILD_LARVAE)",95,92.4,"High intensity"
"340","IRInt493","Burkina Faso",11.011351,-4.056328,"Pyrethroids",0.75,"High","Permethrin",2019,"An. gambiae s.l.","F0_ADULTS_(FROM_WILD_LARVAE)",84,85.9,"High intensity"
"341","IR000038340","Guinea",10.144633,-10.749717,"Pyrethroids",2.15,"Low","Permethrin",2018,"An. gambiae s.l.","F0_ADULTS_(WILD_COLLECTED)",26,0,"N/A"
"342","IR000058367","Burkina Faso",10.97475,-4.927154,"Pyrethroids",0.25,"Medium","Deltamethrin",2020,"An. gambiae s.l.","F0_ADULTS_(FROM_WILD_LARVAE)",89,27.8,"Moderate to high intensity"
"343","IRInt141","Cameroon",3.699,11.557,"Organophosphates",0.05,"Medium","Fenitrothion",2019,"An. gambiae s.s.","F1_ADULTS_(PROGENY_OF_WILD_ADULTS)",84,95.2,"Moderate to high intensity"
"344","IRMZ20210105","Mozambique",-16.8473,36.9673,"Pyrethroids",0.05,"Low","Alpha-cypermethrin",2021,"An. gambiae s.l.","F0_ADULTS_(FROM_WILD_LARVAE)",100,20,"N/A"
"345","IR000051246","Mali",13.906161,-4.554654,"Pyrethroids",1.25,"Low","Deltamethrin",2017,"An. gambiae s.l.","F0_ADULTS_(FROM_WILD_LARVAE)",100,11,"N/A"
"346","IR000050750","Democratic Republic of the Congo",-1.928852,18.266101,"Pyrethroids",0.25,"Medium","Alpha-cypermethrin",2018,"An. gambiae s.l.","F0_ADULTS_(FROM_WILD_LARVAE)",100,96,"Moderate to high intensity"
"347","IR000051165","Mali",12.65001,-7.99986,"Pyrethroids",2.15,"Low","Permethrin",2016,"An. gambiae s.l.","F0_ADULTS_(FROM_WILD_LARVAE)",100,34,"N/A"
"348","IR000042026","Ghana",5.596228,-0.183731,"Organophosphates",1.25,"Medium","Pirimiphos-methyl",2017,"An. gambiae s.l.","F0_ADULTS_(FROM_WILD_LARVAE)",75,100,"Low intensity"
"349","IRMZ20210101","Mozambique",-16.8473,36.9673,"Pyrethroids",0.75,"Low","Permethrin",2021,"An. gambiae s.l.","F0_ADULTS_(FROM_WILD_LARVAE)",100,28,"N/A"
"350","IR000051420","Mali",14.348948,-3.609117,"Pyrethroids",0.05,"High","Deltamethrin",2018,"An. gambiae s.l.","F0_ADULTS_(FROM_WILD_LARVAE)",100,97,"High intensity"
"351","IRInt69","Côte d’Ivoire",6.8777,-6.4513,"Pyrethroids",0.75,"High","Permethrin",2019,"An. gambiae s.l.","F0_ADULTS_(FROM_WILD_LARVAE)",50,41.4,"High intensity"
"352","IRMGI2021004","Madagascar",-23.383333,45.033333,"Pyrethroids",0.25,"Medium","Deltamethrin",2021,"An. gambiae s.l.","F0_ADULTS_(FROM_WILD_LARVAE)",100,100,"Could not be reliably assessed"
"353","IRDis809","Burkina Faso",12.715024,-3.863863,"Pyrethroids",0.75,"Low","Permethrin",2019,"An. gambiae s.l.","F0_ADULTS_(FROM_WILD_LARVAE)",50,11.6,"N/A"
"354","IR000042022","Ghana",5.596228,-0.183731,"Carbamates",0.01,"Low","Bendiocarb",2017,"An. gambiae s.l.","F0_ADULTS_(FROM_WILD_LARVAE)",41,0,"N/A"
"355","IRInt503","Burkina Faso",11.750001,-2.933334,"Pyrethroids",0.75,"High","Permethrin",2019,"An. gambiae s.l.","F0_ADULTS_(FROM_WILD_LARVAE)",93,95.7,"High intensity"
"356","IRDis774","Burkina Faso",10.3333,-3.18333,"Pyrethroids",0.05,"Low","Deltamethrin",2019,"An. gambiae s.l.","F0_ADULTS_(FROM_WILD_LARVAE)",84,50.2,"N/A"
"357","IR000051316","Mali",14.223544,-5.976456,"Pyrethroids",2.15,"High","Permethrin",2016,"An. gambiae s.l.","F0_ADULTS_(FROM_WILD_LARVAE)",100,93,"High intensity"
"358","IR000050605","Democratic Republic of the Congo",-4.404957,15.371885,"Pyrethroids",2.15,"Low","Permethrin",2017,"An. gambiae s.l.","F0_ADULTS_(FROM_WILD_LARVAE)",100,0,"N/A"
"359","IRInt495","Burkina Faso",9.905253,-4.353365,"Pyrethroids",0.75,"High","Permethrin",2019,"An. gambiae s.l.","F0_ADULTS_(FROM_WILD_LARVAE)",95,98.2,"Low intensity"
"360","IRInt471","Burkina Faso",12.183625,-4.073765,"Pyrethroids",0.05,"High","Alpha-cypermethrin",2019,"An. gambiae s.l.","F0_ADULTS_(FROM_WILD_LARVAE)",93,67,"High intensity"
"361","IR000051223","Mali",12.955,-5.7563,"Pyrethroids",6.25,"Medium","Deltamethrin",2017,"An. gambiae s.l.","F0_ADULTS_(FROM_WILD_LARVAE)",100,76,"Moderate to high intensity"
"362","IRInt467","Burkina Faso",9.905253,-4.353365,"Pyrethroids",0.05,"High","Alpha-cypermethrin",2019,"An. gambiae s.l.","F0_ADULTS_(FROM_WILD_LARVAE)",93,56.5,"High intensity"
"363","IRSNI2022016","Senegal",15.14371,-12.94504,"Pyrethroids",3.75,"Medium","Permethrin",2021,"An. gambiae s.l.","F0_ADULTS_(FROM_WILD_LARVAE)",96,100,"Moderate intensity"
"364","IRDis793","Burkina Faso",11.016667,-4.033333,"Pyrethroids",0.05,"Low","Alpha-cypermethrin",2019,"An. gambiae s.l.","F0_ADULTS_(FROM_WILD_LARVAE)",81,9.8,"N/A"
"365","IRInt232","Ethiopia",8.174722,40.034444,"Pyrethroids",0.25,"Medium","Alpha-cypermethrin",2019,"An. stephensi","F0_ADULTS_(FROM_WILD_LARVAE)",84,54,"Moderate to high intensity"
"366","IR000051781","Kenya",-1.068555,34.468997,"Pyrethroids",2.15,"Low","Permethrin",2017,"An. arabiensis","F0_ADULTS_(FROM_WILD_LARVAE)",100,0,"N/A"
"367","IR000050714","Democratic Republic of the Congo",-5.559265,14.446625,"Pyrethroids",0.25,"Medium","Deltamethrin",2018,"An. gambiae s.l.","F0_ADULTS_(FROM_WILD_LARVAE)",100,95,"Moderate to high intensity"
"368","IRInt215","Benin",7.1833,2.0692,"Pyrethroids",0.75,"High","Permethrin",2017,"An. gambiae s.l.","F0_ADULTS_(FROM_WILD_LARVAE)",94,97.9,"High intensity"
"369","IR000051521","Mali",11.6191,-8.2338,"Pyrethroids",3.75,"Medium","Permethrin",2018,"An. gambiae s.l.","F0_ADULTS_(FROM_WILD_LARVAE)",100,88,"Moderate to high intensity"
"370","IRDis729","Cameroon",3.87131,11.45426,"Pyrethroids",0.05,"Low","Etofenprox",2018,"An. gambiae s.l.","F0_ADULTS_(FROM_WILD_LARVAE)",84,25,"N/A"
"371","IRInt220","Benin",6.7072,2.4964,"Pyrethroids",3.75,"Medium","Permethrin",2017,"An. gambiae s.l.","F0_ADULTS_(FROM_WILD_LARVAE)",50,72,"Moderate to high intensity"
"372","IRInt419","Cameroon",3.82,11.53,"Pyrethroids",0.05,"High","Deltamethrin",2019,"An. gambiae s.l.","F0_ADULTS_(FROM_WILD_LARVAE)",101,100,"Low intensity"
"373","IR000050561","Democratic Republic of the Congo",-4.404957,15.371885,"Pyrethroids",6.25,"Medium","Deltamethrin",2017,"An. gambiae s.l.","F0_ADULTS_(FROM_WILD_LARVAE)",100,100,"Low intensity"
"374","IR000027577","Congo",-4.26777,15.27527,"Pyrethroids",0.05,"High","Deltamethrin",2018,"An. gambiae s.l.","F0_ADULTS_(FROM_WILD_LARVAE)",100,90,"High intensity"
"375","IR000051014","India",19.6218,84.6587,"Pyrethroids",0.05,"High","Deltamethrin",2019,"An. culicifacies s.l.","F1_ADULTS_(PROGENY_OF_WILD_ADULTS)",100,100,"Low intensity"
"376","IRInt239","Ethiopia",8.15,38.8167,"Pyrethroids",0.05,"High","Alpha-cypermethrin",2020,"An. stephensi","F0_ADULTS_(FROM_WILD_LARVAE)",101,82.9,"High intensity"
"377","IR000058390","Burkina Faso",11.016667,-4.033333,"Pyrethroids",0.05,"High","Alpha-cypermethrin",2020,"An. gambiae s.l.","F0_ADULTS_(FROM_WILD_LARVAE)",87,62.2,"High intensity"
"378","IRInt377","Cameroon",3.947778,11.505,"Pyrethroids",0.25,"Medium","Deltamethrin",2018,"An. gambiae s.l.","F0_ADULTS_(FROM_WILD_LARVAE)",101,82.6,"Moderate to high intensity"
"379","IRDis1094","Benin",11.13417,2.93861,"Pyrethroids",0.05,"Low","Deltamethrin",2017,"An. gambiae s.l.","F0_ADULTS_(FROM_WILD_LARVAE)",90,15.6,"N/A"
"380","IR000050538","Democratic Republic of the Congo",-4.202222,15.551667,"Pyrethroids",1.25,"High","Deltamethrin",2016,"An. gambiae s.l.","F0_ADULTS_(FROM_WILD_LARVAE)",100,100,"Low intensity"
"381","IR000027931","Nigeria",9.882884,4.510886,"Pyrethroids",0.05,"High","Deltamethrin",2016,"An. gambiae s.l.","F0_ADULTS_(WILD_COLLECTED)",110,94.5,"High intensity"
"382","IR000017951","India",23.3241,71.8304,"Pyrethroids",0.25,"Medium","Alpha-cypermethrin",2015,"An. culicifacies s.l.","F0_ADULTS_(WILD_COLLECTED)",15,93.3,"Moderate to high intensity"
"383","IRSNI2022017","Senegal",13.99345,-14.66139,"Pyrethroids",3.75,"Medium","Permethrin",2021,"An. gambiae s.l.","F0_ADULTS_(FROM_WILD_LARVAE)",132,96,"Moderate to high intensity"
"384","IR000058345","Burkina Faso",10.964122,-3.257144,"Pyrethroids",0.25,"Medium","Alpha-cypermethrin",2020,"An. gambiae s.l.","F0_ADULTS_(FROM_WILD_LARVAE)",85,83.6,"Moderate to high intensity"
"385","IR000051404","Mali",12.65001,-7.99986,"Pyrethroids",0.25,"Medium","Alpha-cypermethrin",2018,"An. gambiae s.l.","F0_ADULTS_(FROM_WILD_LARVAE)",100,47,"Moderate to high intensity"
"386","IRInt271","Ethiopia",5.952,43.557,"Pyrethroids",3.75,"Medium","Permethrin",2020,"An. stephensi","F0_ADULTS_(FROM_WILD_LARVAE)",103,98,"Moderate to high intensity"
"387","IR000058441","Kenya",0.16833,34.7277,"Pyrethroids",0.75,"High","Permethrin",2019,"An. gambiae s.l.","F0_ADULTS_(FROM_WILD_LARVAE)",50,70,"High intensity"
"388","IRInt457","Burkina Faso",10.141369,-3.459326,"Pyrethroids",0.05,"High","Alpha-cypermethrin",2019,"An. gambiae s.l.","F0_ADULTS_(FROM_WILD_LARVAE)",50,96.4,"High intensity"
"389","IR000050637","Democratic Republic of the Congo",-5.9475,29.1947,"Pyrethroids",2.15,"High","Permethrin",2017,"An. gambiae s.l.","F0_ADULTS_(FROM_WILD_LARVAE)",100,40,"High intensity"
"390","IR000045091","Ethiopia",7.9277,38.7211,"Organochlorines",10,"High","DDT",2014,"An. arabiensis","F0_ADULTS_(FROM_WILD_LARVAE)",15,100,"Low intensity"
"391","IR000051177","Mali",14.348948,-3.609117,"Pyrethroids",2.15,"Low","Permethrin",2016,"An. gambiae s.l.","F0_ADULTS_(FROM_WILD_LARVAE)",100,19,"N/A"
"392","IRInt100","Côte d’Ivoire",6.151442,-5.95154,"Pyrethroids",0.25,"Medium","Alpha-cypermethrin",2019,"An. gambiae s.l.","F0_ADULTS_(FROM_WILD_LARVAE)",50,15.8,"Moderate to high intensity"
"393","IR000050544","Democratic Republic of the Congo",-4.5888,15.1668,"Pyrethroids",2.15,"High","Permethrin",2017,"An. gambiae s.l.","F0_ADULTS_(FROM_WILD_LARVAE)",100,98,"Low intensity"
"394","IRDis90","Côte d’Ivoire",6.78168,-5.27089,"Pyrethroids",0.75,"Low","Permethrin",2019,"An. gambiae s.l.","F0_ADULTS_(FROM_WILD_LARVAE)",93,4.5,"N/A"
"395","IR000050732","Democratic Republic of the Congo",-10.934159,26.953514,"Pyrethroids",0.25,"Medium","Deltamethrin",2018,"An. gambiae s.l.","F0_ADULTS_(FROM_WILD_LARVAE)",100,100,"Low intensity"
"396","IR000058347","Burkina Faso",10.141369,-3.459326,"Pyrethroids",0.25,"Medium","Alpha-cypermethrin",2020,"An. gambiae s.l.","F0_ADULTS_(FROM_WILD_LARVAE)",98,28.4,"Moderate to high intensity"
"397","IR000045178","Ethiopia",7.25,37.75,"Pyrethroids",1.25,"Low","Deltamethrin",2015,"An. arabiensis","F0_ADULTS_(FROM_WILD_LARVAE)",20,5,"N/A"
"398","IR000058328","Burkina Faso",10.624117,-4.55335,"Pyrethroids",0.25,"Medium","Deltamethrin",2020,"An. gambiae s.l.","F0_ADULTS_(FROM_WILD_LARVAE)",492,60.5,"Moderate to high intensity"
"399","IRInt555","Malawi",-16.021986,34.818929,"Pyrethroids",6.25,"Medium","Deltamethrin",2018,"An. funestus s.l.","F0_ADULTS_(WILD_COLLECTED)",75,94.7,"Moderate to high intensity"
"400","IRInt256","Ethiopia",8.901,39.918,"Pyrethroids",0.05,"High","Deltamethrin",2020,"An. stephensi","F0_ADULTS_(FROM_WILD_LARVAE)",87,82.9,"High intensity"
"401","IR000058377","Burkina Faso",13.0859,-1.0824,"Pyrethroids",3.75,"Medium","Permethrin",2020,"An. gambiae s.l.","F0_ADULTS_(FROM_WILD_LARVAE)",98,68.7,"Moderate to high intensity"
"402","IR000027927","Nigeria",6.336747,6.988033,"Pyrethroids",0.05,"Low","Deltamethrin",2016,"An. gambiae s.l.","F0_ADULTS_(WILD_COLLECTED)",120,76.7,"N/A"
"403","IR000050760","Democratic Republic of the Congo",0.632119,28.46606,"Pyrethroids",0.05,"High","Alpha-cypermethrin",2018,"An. gambiae s.l.","F0_ADULTS_(FROM_WILD_LARVAE)",100,99,"Low intensity"
"404","IR000050584","Democratic Republic of the Congo",-4.4419,15.2663,"Pyrethroids",2.15,"Low","Permethrin",2017,"An. gambiae s.l.","F0_ADULTS_(FROM_WILD_LARVAE)",100,0,"N/A"
"405","IR000016768","India",22.7417,72.8723,"Pyrethroids",0.25,"Medium","Alpha-cypermethrin",2015,"An. culicifacies s.l.","F0_ADULTS_(WILD_COLLECTED)",30,96.7,"Moderate to high intensity"
"406","IR000058426","Burkina Faso",12.183625,-4.073765,"Pyrethroids",0.75,"High","Permethrin",2020,"An. gambiae s.l.","F0_ADULTS_(FROM_WILD_LARVAE)",96,96.9,"High intensity"
"407","IR000058304","Mozambique",-15.4892,36.2726,"Pyrethroids",0.25,"Medium","Deltamethrin",2020,"An. gambiae s.l.","F0_ADULTS_(FROM_WILD_LARVAE)",100,100,"Low intensity"
"408","IR000002641","China",33.9612,116.3087,"Pyrethroids",0.05,"Low","Deltamethrin",2010,"An. sinensis s.l.","F0_ADULTS_(WILD_COLLECTED)",80,73.3,"N/A"
"409","IR000050580","Democratic Republic of the Congo",-4.3368,15.5127,"Pyrethroids",2.15,"High","Permethrin",2017,"An. gambiae s.l.","F0_ADULTS_(FROM_WILD_LARVAE)",100,30,"High intensity"
"410","IR000042033","Ghana",5.596228,-0.183731,"Pyrethroids",1.25,"Low","Deltamethrin",2017,"An. gambiae s.l.","F0_ADULTS_(FROM_WILD_LARVAE)",78,42.3,"N/A"
"411","IR000058298","Mozambique",-14.12562,39.917359,"Pyrethroids",3.75,"Medium","Permethrin",2020,"An. gambiae s.l.","F0_ADULTS_(FROM_WILD_LARVAE)",100,80,"Moderate to high intensity"
"412","IRInt67","Côte d’Ivoire",9.271,-2.992,"Pyrethroids",0.75,"High","Permethrin",2019,"An. gambiae s.l.","F0_ADULTS_(FROM_WILD_LARVAE)",84,90.3,"High intensity"
"413","IRSNI2022011","Senegal",13.86377,-14.08185,"Pyrethroids",0.25,"Medium","Deltamethrin",2021,"An. gambiae s.l.","F0_ADULTS_(FROM_WILD_LARVAE)",110,73,"Moderate to high intensity"
"414","IRInt448","Burkina Faso",12.358651,-1.606883,"Pyrethroids",0.25,"Medium","Deltamethrin",2019,"An. gambiae s.l.","F0_ADULTS_(FROM_WILD_LARVAE)",84,73,"Moderate to high intensity"
"415","IRInt11","Senegal",12.55438,-12.17323,"Pyrethroids",0.75,"Low","Permethrin",2018,"An. gambiae s.l.","F0_ADULTS_(FROM_WILD_LARVAE)",100,59,"N/A"
"416","IR000050608","Democratic Republic of the Congo",-4.3368,15.5127,"Pyrethroids",2.15,"Low","Permethrin",2017,"An. gambiae s.l.","F0_ADULTS_(FROM_WILD_LARVAE)",100,0,"N/A"
"417","IRInt397","Cameroon",3.82,11.53,"Pyrethroids",0.05,"High","Alpha-cypermethrin",2018,"An. gambiae s.l.","F0_ADULTS_(FROM_WILD_LARVAE)",101,81.4,"High intensity"
"418","IRInt196","Benin",6.4969,2.6289,"Pyrethroids",0.25,"Medium","Deltamethrin",2017,"An. gambiae s.l.","F0_ADULTS_(FROM_WILD_LARVAE)",99,58,"Moderate to high intensity"
"419","IR000051211","Mali",13.0683,-6.8279,"Pyrethroids",6.25,"Medium","Deltamethrin",2017,"An. gambiae s.l.","F0_ADULTS_(FROM_WILD_LARVAE)",100,65,"Moderate to high intensity"
"420","IRInt568","Cameroon",3.866667,11.516667,"Pyrethroids",0.05,"High","Deltamethrin",2019,"An. gambiae s.l.","F0_ADULTS_(FROM_WILD_LARVAE)",100,95,"High intensity"
"421","IRDis735","Cameroon",3.82,11.53,"Pyrethroids",0.05,"Low","Alpha-cypermethrin",2018,"An. gambiae s.l.","F0_ADULTS_(FROM_WILD_LARVAE)",93,7.5,"N/A"
"422","IRInt556","Malawi",-16.021986,34.818929,"Pyrethroids",1.25,"High","Deltamethrin",2018,"An. funestus s.l.","F0_ADULTS_(WILD_COLLECTED)",71,100,"Moderate intensity"
"423","IRSN2022027","Senegal",13.86377,-14.08185,"Pyrethroids",0.75,"Low","Permethrin",2021,"An. gambiae s.l.","F0_ADULTS_(FROM_WILD_LARVAE)",101,56,"N/A"
"424","IR000057312","Sierra Leone",9.2953,-12.2077,"Pyrethroids",1.25,"High","Deltamethrin",2020,"An. gambiae s.l.","NR",94,87.2,"High intensity"
"425","IRInt200","Benin",7.1833,2.0692,"Pyrethroids",0.05,"High","Deltamethrin",2017,"An. gambiae s.l.","F0_ADULTS_(FROM_WILD_LARVAE)",93,92.5,"High intensity"
"426","IR000051788","Kenya",-0.538923,34.431259,"Pyrethroids",10.75,"Medium","Permethrin",2017,"An. arabiensis","F0_ADULTS_(FROM_WILD_LARVAE)",100,63,"Moderate to high intensity"
"427","IR000051426","Mali",14.078493,-3.518264,"Pyrethroids",0.75,"High","Permethrin",2018,"An. gambiae s.l.","F0_ADULTS_(FROM_WILD_LARVAE)",100,100,"Low intensity"
"428","IR000058346","Burkina Faso",10.3333,-3.18333,"Pyrethroids",0.25,"Medium","Alpha-cypermethrin",2020,"An. gambiae s.l.","F0_ADULTS_(FROM_WILD_LARVAE)",87,11.7,"Moderate to high intensity"
"429","IR000050652","Democratic Republic of the Congo",0.51306,25.217662,"Pyrethroids",1.25,"High","Deltamethrin",2017,"An. gambiae s.l.","F0_ADULTS_(FROM_WILD_LARVAE)",100,100,"Low intensity"
"430","IRDis767","Ethiopia",7.773141,37.231293,"Pyrethroids",1.25,"Low","Deltamethrin",2017,"An. arabiensis","F1_ADULTS_(PROGENY_OF_WILD_ADULTS)",75,76.8,"N/A"
"431","IR000050547","Democratic Republic of the Congo",-4.404957,15.371885,"Pyrethroids",2.15,"High","Permethrin",2017,"An. gambiae s.l.","F0_ADULTS_(FROM_WILD_LARVAE)",100,85,"High intensity"
"432","IR000050646","Democratic Republic of the Congo",-1.928852,18.266101,"Pyrethroids",2.15,"High","Permethrin",2017,"An. gambiae s.l.","F0_ADULTS_(FROM_WILD_LARVAE)",100,16,"High intensity"
"433","IR000058349","Burkina Faso",13.0859,-1.0824,"Pyrethroids",0.25,"Medium","Alpha-cypermethrin",2020,"An. gambiae s.l.","F0_ADULTS_(FROM_WILD_LARVAE)",94,48.5,"Moderate to high intensity"
"434","IRInt474","Burkina Faso",11.750001,-2.933334,"Pyrethroids",0.25,"Medium","Alpha-cypermethrin",2019,"An. gambiae s.l.","F0_ADULTS_(FROM_WILD_LARVAE)",50,69.9,"Moderate to high intensity"
"435","IRInt109","Côte d’Ivoire",4.758807,-6.691275,"Pyrethroids",0.05,"High","Alpha-cypermethrin",2019,"An. gambiae s.l.","F0_ADULTS_(FROM_WILD_LARVAE)",84,36,"High intensity"
"436","IRInt578","Cameroon",3.947778,11.505,"Pyrethroids",0.05,"High","Deltamethrin",2019,"An. gambiae s.l.","F0_ADULTS_(FROM_WILD_LARVAE)",83,78.5,"High intensity"
"437","IR000050077","Guinea-Bissau",12.198889,-14.301944,"Pyrethroids",0.75,"Low","Permethrin",2018,"An. gambiae s.l.","F0_ADULTS_(FROM_WILD_LARVAE)",117,25.1,"N/A"
"438","IRInt445","Burkina Faso",12.715024,-3.863863,"Pyrethroids",0.05,"High","Deltamethrin",2019,"An. gambiae s.l.","F0_ADULTS_(FROM_WILD_LARVAE)",84,85,"High intensity"
"439","IRDis1089","Benin",6.4969,2.6289,"Pyrethroids",0.75,"Low","Permethrin",2017,"An. gambiae s.l.","F0_ADULTS_(FROM_WILD_LARVAE)",85,14.1,"N/A"
"440","IRDis743","Cameroon",3.87131,11.45426,"Pyrethroids",0.05,"Low","Alpha-cypermethrin",2019,"An. gambiae s.l.","F0_ADULTS_(FROM_WILD_LARVAE)",80,10.7,"N/A"
"441","IRInt281","Benin",11.85722,3.37924,"Pyrethroids",0.05,"High","Deltamethrin",2017,"An. gambiae s.l.","F0_ADULTS_(FROM_WILD_LARVAE)",93,96,"High intensity"
"442","IRDis563","Nigeria",6.61526,3.5069,"Pyrethroids",0.05,"Low","Deltamethrin",2018,"An. gambiae s.l.","F0_ADULTS_(FROM_WILD_LARVAE)",100,52,"N/A"
"443","IR000051334","Mali",11.6191,-8.2338,"Pyrethroids",1.25,"High","Deltamethrin",2017,"An. gambiae s.l.","F0_ADULTS_(FROM_WILD_LARVAE)",100,86,"High intensity"
"444","IR000058351","Burkina Faso",9.905253,-4.353365,"Pyrethroids",0.25,"Medium","Alpha-cypermethrin",2020,"An. gambiae s.l.","F0_ADULTS_(FROM_WILD_LARVAE)",97,66,"Moderate to high intensity"
"445","IR000050623","Democratic Republic of the Congo",-4.3368,15.5127,"Pyrethroids",1.25,"Low","Deltamethrin",2017,"An. gambiae s.l.","F0_ADULTS_(FROM_WILD_LARVAE)",100,37,"N/A"
"446","IRInt48","Côte d’Ivoire",7.442324,-5.293114,"Pyrethroids",0.25,"Medium","Deltamethrin",2019,"An. gambiae s.l.","F0_ADULTS_(FROM_WILD_LARVAE)",84,17.8,"Moderate to high intensity"
"447","IR000051194","Mali",14.078493,-3.518264,"Pyrethroids",2.15,"High","Permethrin",2017,"An. gambiae s.l.","F0_ADULTS_(FROM_WILD_LARVAE)",100,60,"High intensity"
"448","IR000051224","Mali",12.955,-5.7563,"Pyrethroids",1.25,"High","Deltamethrin",2017,"An. gambiae s.l.","F0_ADULTS_(FROM_WILD_LARVAE)",100,87,"High intensity"
"449","IR000058443","Kenya",0.0662,34.2791,"Pyrethroids",0.75,"High","Permethrin",2019,"An. gambiae s.l.","F0_ADULTS_(FROM_WILD_LARVAE)",50,100,"Low intensity"
"450","IR000051455","Mali",13.906161,-4.554654,"Pyrethroids",0.25,"Medium","Deltamethrin",2018,"An. gambiae s.l.","F0_ADULTS_(FROM_WILD_LARVAE)",100,88,"Moderate to high intensity"
"451","IRDis1091","Benin",9.351253,2.574577,"Pyrethroids",0.75,"Low","Permethrin",2017,"An. gambiae s.l.","F0_ADULTS_(FROM_WILD_LARVAE)",96,47.9,"N/A"
"452","IRDis768","Ethiopia",7.773141,37.231293,"Pyrethroids",2.15,"Low","Permethrin",2017,"An. arabiensis","F1_ADULTS_(PROGENY_OF_WILD_ADULTS)",176,63.9,"N/A"
"453","IRDis721","Cameroon",3.82,11.53,"Pyrethroids",0.05,"Low","Etofenprox",2018,"An. gambiae s.l.","F0_ADULTS_(FROM_WILD_LARVAE)",116,6,"N/A"
"454","IRInt504","Burkina Faso",12.358651,-1.606883,"Pyrethroids",3.75,"Medium","Permethrin",2019,"An. gambiae s.l.","F0_ADULTS_(FROM_WILD_LARVAE)",84,84.4,"Moderate to high intensity"
"455","IRInt489","Burkina Faso",10.964122,-3.257144,"Pyrethroids",0.75,"High","Permethrin",2019,"An. gambiae s.l.","F0_ADULTS_(FROM_WILD_LARVAE)",95,100,"Low intensity"
"456","IR000050685","Democratic Republic of the Congo",-1.928852,18.266101,"Pyrethroids",0.75,"High","Permethrin",2018,"An. gambiae s.l.","F0_ADULTS_(FROM_WILD_LARVAE)",100,100,"Low intensity"
"457","IR000026807","Yemen",15.583687,43.300209,"Pyrethroids",0.05,"Low","Lambda-cyhalothrin",2017,"An. arabiensis","F0_ADULTS_(FROM_WILD_LARVAE)",70,89.7,"N/A"
"458","IRInt43","Côte d’Ivoire",6.151442,-5.95154,"Pyrethroids",0.05,"High","Deltamethrin",2019,"An. gambiae s.l.","F0_ADULTS_(FROM_WILD_LARVAE)",50,50.7,"High intensity"
"459","IRSNI2022010","Senegal",13.99345,-14.66139,"Pyrethroids",0.05,"High","Deltamethrin",2021,"An. gambiae s.l.","F0_ADULTS_(FROM_WILD_LARVAE)",125,100,"Moderate intensity"
"460","IRDis69","Côte d’Ivoire",8.36333,-4.428611,"Pyrethroids",0.05,"Low","Deltamethrin",2019,"An. gambiae s.l.","F0_ADULTS_(FROM_WILD_LARVAE)",81,5.7,"N/A"
"461","IRInt547","Benin",9.351253,2.574577,"Pyrethroids",3.75,"Medium","Permethrin",2017,"An. gambiae s.l.","F0_ADULTS_(FROM_WILD_LARVAE)",82,97.6,"Moderate to high intensity"
"462","IR000021347","Cabo Verde",14.917979,-23.51196,"Pyrethroids",0.25,"Medium","Deltamethrin",2017,"An. gambiae s.l.","F0_ADULTS_(FROM_WILD_LARVAE)",97,99,"Low intensity"
"463","IRDis722","Cameroon",3.82,11.53,"Pyrethroids",0.05,"Low","Deltamethrin",2018,"An. gambiae s.l.","F0_ADULTS_(FROM_WILD_LARVAE)",113,61.1,"N/A"
"464","IR000027924","Nigeria",6.718242,3.94003,"Pyrethroids",0.05,"Low","Deltamethrin",2016,"An. gambiae s.l.","F0_ADULTS_(WILD_COLLECTED)",120,87.5,"N/A"
"465","IR000051221","Mali",12.955,-5.7563,"Pyrethroids",1.25,"High","Deltamethrin",2016,"An. gambiae s.l.","F0_ADULTS_(FROM_WILD_LARVAE)",100,88,"High intensity"
"466","IRInt444","Burkina Faso",12.715024,-3.863863,"Pyrethroids",0.25,"Medium","Deltamethrin",2019,"An. gambiae s.l.","F0_ADULTS_(FROM_WILD_LARVAE)",50,78.3,"Moderate to high intensity"
"467","IRInt223","Botswana",-19.983278,23.418821,"Pyrethroids",0.05,"High","Deltamethrin",2016,"An. arabiensis","F0_ADULTS_(FROM_WILD_LARVAE)",80,92.5,"High intensity"
"468","IRDis367","Benin",6.4969,2.6289,"Pyrethroids",0.75,"Low","Permethrin",2017,"An. gambiae s.l.","F0_ADULTS_(FROM_WILD_LARVAE)",85,14.1,"N/A"
"469","IR000051477","Mali",14.44693,-11.44448,"Pyrethroids",0.75,"Low","Permethrin",2018,"An. gambiae s.l.","F0_ADULTS_(FROM_WILD_LARVAE)",100,65,"N/A"
"470","IR000050529","Democratic Republic of the Congo",-4.5888,15.1668,"Pyrethroids",1.25,"High","Deltamethrin",2016,"An. gambiae s.l.","F0_ADULTS_(FROM_WILD_LARVAE)",100,100,"Low intensity"
"471","IRInt534","Benin",9.351253,2.574577,"Pyrethroids",0.05,"High","Deltamethrin",2017,"An. gambiae s.l.","F0_ADULTS_(FROM_WILD_LARVAE)",96,72,"High intensity"
"472","IR000045095","Ethiopia",9.119362,37.058552,"Pyrethroids",1.25,"Low","Deltamethrin",2014,"An. arabiensis","F0_ADULTS_(FROM_WILD_LARVAE)",19,74,"N/A"
"473","IR000051454","Mali",13.906161,-4.554654,"Pyrethroids",0.05,"Low","Deltamethrin",2018,"An. gambiae s.l.","F0_ADULTS_(FROM_WILD_LARVAE)",100,44,"N/A"
"474","IR000038359","Guinea",10.0417,-10.7456,"Pyrethroids",10.75,"Medium","Permethrin",2018,"An. gambiae s.l.","F0_ADULTS_(WILD_COLLECTED)",12,100,"Low intensity"
"475","IRInt441","Burkina Faso",11.016667,-4.033333,"Pyrethroids",0.05,"High","Deltamethrin",2019,"An. gambiae s.l.","F0_ADULTS_(FROM_WILD_LARVAE)",81,95.9,"High intensity"
"476","IR000058295","Mozambique",-15.1215,39.2677,"Carbamates",0.05,"Medium","Bendiocarb",2020,"An. gambiae s.l.","F0_ADULTS_(FROM_WILD_LARVAE)",100,100,"Low intensity"
"477","IR000050680","Democratic Republic of the Congo",-5.559265,14.446625,"Pyrethroids",0.75,"Low","Permethrin",2018,"An. gambiae s.l.","F0_ADULTS_(FROM_WILD_LARVAE)",100,50,"N/A"
"478","IR000045165","Ethiopia",8.275,35.7558,"Pyrethroids",2.15,"High","Permethrin",2015,"An. arabiensis","F0_ADULTS_(FROM_WILD_LARVAE)",10,100,"Low intensity"
"479","IR000058416","Burkina Faso",10.3333,-3.18333,"Pyrethroids",0.75,"High","Permethrin",2020,"An. gambiae s.l.","F0_ADULTS_(FROM_WILD_LARVAE)",106,96.1,"High intensity"
"480","IRInt378","Cameroon",3.947778,11.505,"Pyrethroids",0.05,"High","Deltamethrin",2018,"An. gambiae s.l.","F0_ADULTS_(FROM_WILD_LARVAE)",100,95.6,"High intensity"
"481","IR000045151","Ethiopia",7.773141,37.231293,"Pyrethroids",1.25,"Low","Deltamethrin",2015,"An. arabiensis","F0_ADULTS_(FROM_WILD_LARVAE)",19,42,"N/A"
"482","IR000042025","Ghana",5.596228,-0.183731,"Organophosphates",0.25,"Low","Pirimiphos-methyl",2017,"An. gambiae s.l.","F0_ADULTS_(FROM_WILD_LARVAE)",80,40,"N/A"
"483","IRInt390","Cameroon",3.82,11.53,"Pyrethroids",3.75,"Medium","Permethrin",2018,"An. gambiae s.l.","F0_ADULTS_(FROM_WILD_LARVAE)",104,60,"Moderate to high intensity"
"484","IR000045150","Ethiopia",7.773141,37.231293,"Organochlorines",5,"Medium","DDT",2015,"An. arabiensis","F0_ADULTS_(FROM_WILD_LARVAE)",20,40,"Moderate to high intensity"
"485","IR000051443","Mali",11.41668,-7.48332,"Pyrethroids",3.75,"Medium","Permethrin",2018,"An. gambiae s.l.","F0_ADULTS_(FROM_WILD_LARVAE)",100,90,"Moderate to high intensity"
"486","IR000058264","Nicaragua",14.0351,-83.3888,"Pyrethroids",0.25,"Medium","Alpha-cypermethrin",2021,"An. albimanus","F0_ADULTS_(WILD_COLLECTED)",100,14,"Moderate to high intensity"
"487","IRInt558","Malawi",-16.021986,34.818929,"Pyrethroids",2.15,"High","Permethrin",2018,"An. funestus s.l.","F0_ADULTS_(WILD_COLLECTED)",77,100,"Moderate intensity"
"488","IRInt559","Malawi",-16.021986,34.818929,"Pyrethroids",6.25,"Medium","Alpha-cypermethrin",2018,"An. funestus s.l.","F0_ADULTS_(WILD_COLLECTED)",74,95.5,"Moderate to high intensity"
"489","IRInt579","Benin",11.85722,3.37924,"Pyrethroids",3.75,"Medium","Permethrin",2018,"An. gambiae s.l.","F0_ADULTS_(FROM_WILD_LARVAE)",192,90.6,"Moderate to high intensity"
"490","IR000042032","Ghana",5.596228,-0.183731,"Organochlorines",10,"High","DDT",2017,"An. gambiae s.l.","F0_ADULTS_(FROM_WILD_LARVAE)",79,2.5,"High intensity"
"491","IR000051476","Mali",14.44693,-11.44448,"Pyrethroids",0.05,"High","Alpha-cypermethrin",2018,"An. gambiae s.l.","F0_ADULTS_(FROM_WILD_LARVAE)",100,97,"High intensity"
"492","IR000027918","Nigeria",6.61526,3.5069,"Pyrethroids",0.05,"High","Deltamethrin",2016,"An. gambiae s.l.","F0_ADULTS_(WILD_COLLECTED)",120,93.3,"High intensity"
"493","IR000058399","Burkina Faso",11.011351,-4.056328,"Pyrethroids",0.05,"High","Alpha-cypermethrin",2020,"An. gambiae s.l.","F0_ADULTS_(FROM_WILD_LARVAE)",101,85.1,"High intensity"
"494","IR000051449","Mali",13.906161,-4.554654,"Pyrethroids",0.25,"Medium","Alpha-cypermethrin",2018,"An. gambiae s.l.","F0_ADULTS_(FROM_WILD_LARVAE)",100,30,"Moderate to high intensity"
"495","IR000051303","Mali",12.86666,-7.56666,"Pyrethroids",1.25,"Low","Deltamethrin",2016,"An. gambiae s.l.","F0_ADULTS_(FROM_WILD_LARVAE)",100,2,"N/A"
"496","IR000042039","Ghana",5.596228,-0.183731,"Organophosphates",0.2,"Low","Pirimiphos-methyl",2017,"An. gambiae s.l.","F0_ADULTS_(FROM_WILD_LARVAE)",84,0,"N/A"
"497","IRInt483","Burkina Faso",13.0859,-1.0824,"Pyrethroids",0.05,"High","Alpha-cypermethrin",2019,"An. gambiae s.l.","F0_ADULTS_(FROM_WILD_LARVAE)",81,54.7,"High intensity"
"498","IRMZS21009","Mozambique",-13.4664,39.703,"Pyrethroids",3.75,"Medium","Permethrin",2021,"An. gambiae s.l.","F0_ADULTS_(FROM_WILD_LARVAE)",100,100,"Low intensity"
"499","IRDis782","Burkina Faso",11.750001,-2.933334,"Pyrethroids",0.05,"Low","Deltamethrin",2019,"An. gambiae s.l.","F0_ADULTS_(FROM_WILD_LARVAE)",84,62,"N/A"
"500","IRMZS21001","Mozambique",-17.1816,37.4681,"Carbamates",0.05,"Medium","Bendiocarb",2021,"An. gambiae s.l.","F0_ADULTS_(FROM_WILD_LARVAE)",100,100,"Low intensity"
